Symbol,Exchange
20MICRONS,NSE
21STCENMGM,NSE
360ONE,NSE
3BBLACKBIO,NSE
3BFILMS,BSE
3IINFOLTD,NSE
3MINDIA,NSE
3PLAND,NSE
4THGEN,BSE
5PAISA,NSE
63MOONS,NSE
7NR,BSE
7SEASL,BSE
7TEC,BSE
A1L,BSE
A2ZINFRA,NSE
AAATECH,NSE
AADHARHFC,NSE
AADIIND,BSE
AAIL,BSE
AAKASH,NSE
AANANDALAK,BSE
AANCHALISP,BSE
AAREYDRUGS,BSE
AARNAV,NSE
AARON,NSE
AARTECH,NSE
AARTIDRUGS,NSE
AARTIIND,NSE
AARTIPHARM,NSE
AARTISURF,NSE
AARVI,NSE
AASTAFIN,BSE
AAVAS,NSE
AAYUSH,BSE
AAYUSHBULL,BSE
ABAN,BSE
ABANSENT,BSE
ABATEAS,BSE
ABB,NSE
ABBOTINDIA,NSE
ABCAPITAL,NSE
ABCINDQ,BSE
ABCOTS,NSE
ABDL,NSE
ABFRL,NSE
ABHICAP,BSE
ABHIFIN,BSE
ABHIINFRA,BSE
ABINFRA,NSE
ABIRAFN,BSE
ABLBL,NSE
ABMINTLLTD,NSE
ABMKNO,NSE
ABREL,NSE
ABRFL,BSE
ABRIL,BSE
ABSLAMC,NSE
ABVL,BSE
ACC,NSE
ACCEDERE,BSE
ACCEL,BSE
ACCELYA,NSE
ACCORDTS,BSE
ACCURACY,NSE
ACE,NSE
ACEALPHA,BSE
ACEINTEG,NSE
ACEMEN,BSE
ACESOFT,BSE
ACGL,BSE
ACHYUT,BSE
ACI,NSE
ACIIN,BSE
ACKNIT,BSE
ACL,NSE
ACLD,BSE
ACME,BSE
ACMESOLAR,NSE
ACROW,BSE
ACSTECH,NSE
ACTIVE,BSE
ACUTAAS,NSE
ADANIENSOL,NSE
ADANIENT,NSE
ADANIGREEN,NSE
ADANIPORTS,NSE
ADANIPOWER,NSE
ADARSHPL,BSE
ADCINDIA,BSE
ADCON,BSE
ADCOUNTY,BSE
ADDIND,BSE
ADFFOODS,NSE
ADHHATA,BSE
ADINATH,BSE
ADISHAKTI,BSE
ADITYA,BSE
ADITYASP,BSE
ADL,NSE
ADMACH,BSE
ADMANUM,BSE
ADOR,NSE
ADROITINFO,NSE
ADSL,NSE
ADTECH,BSE
ADVAIT,NSE
ADVANCE,NSE
ADVANIHOTR,NSE
ADVENTHTL,NSE
ADVENZYMES,NSE
ADVIKCA,BSE
ADVIKLA,BSE
ADVLIFE,BSE
ADVPETR-B,BSE
AEGISLOG,NSE
AEGISVOPAK,NSE
AEIM,BSE
AEL,BSE
AEONXDIGI,BSE
AEPL,NSE
AEQUS,NSE
AEROENTER,NSE
AEROFLEX,NSE
AERONEU,NSE
AERPACE,BSE
AETHER,NSE
AFCOM,BSE
AFCONS,NSE
AFEL,BSE
AFFLE,NSE
AFFORDABLE,BSE
AFIL,BSE
AFLTD,BSE
AFSL,NSE
AGARIND,NSE
AGARWAL,BSE
AGARWALEYE,NSE
AGI,NSE
AGIIL,NSE
AGIOPAPER,BSE
AGOL,BSE
AGRIBIO,BSE
AGRITECH,BSE
AGROPHOS,NSE
AGSTRA,BSE
AGVENTURES,BSE
AHCL,NSE
AHLADA,NSE
AHLEAST,NSE
AHLUCONT,NSE
AHMDSTE,BSE
AIAENG,NSE
AICHAMP,BSE
AIHL,BSE
AIIL,NSE
AIKPIPES,BSE
AIMCOPEST,BSE
AIML,BSE
AIRAN,NSE
AIRFLOA,BSE
AIROLAM,NSE
AJANTPHARM,NSE
AJANTSOY,BSE
AJAXENGG,NSE
AJCON,BSE
AJMERA,NSE
AJOONI,NSE
AKASH,NSE
AKCAPIT,NSE
AKG,NSE
AKI,NSE
AKSHAR,NSE
AKSHARCHEM,NSE
AKSHOPTFBR,BSE
AKUMS,NSE
ALANKIT,NSE
ALANSCOTT,BSE
ALBERTDAVD,NSE
ALCHCORP,BSE
ALEMBICLTD,NSE
ALEXANDER,BSE
ALFAICA,BSE
ALFATRAN,BSE
ALFAVIO,BSE
ALFL,BSE
ALFREDHE,BSE
ALGOQUANT,NSE
ALICON,NSE
ALIVUS,NSE
ALKALI,BSE
ALKEM,NSE
ALKYLAMINE,NSE
ALLCARGO,NSE
ALLDIGI,NSE
ALLTIME,NSE
ALMONDZ,NSE
ALOKINDS,NSE
ALPA,NSE
ALPHAGEO,NSE
ALPHALOGIC,BSE
ALPINEHOU,BSE
ALSL,BSE
ALUFLUOR,BSE
AMAGI,NSE
AMAL,BSE
AMALGAM,BSE
AMANTA,BSE
AMARJOTHI,BSE
AMARSEC,BSE
AMBALALSA,NSE
AMBARPIL,BSE
AMBER,NSE
AMBICAAGAR,NSE
AMBIKCO,NSE
AMBIT,BSE
AMBUJACEM,NSE
AMCOIND,BSE
AMDIND,NSE
AMEENJI,BSE
AMERISE,BSE
AMFORG,BSE
AMIC,BSE
AMINTAN,BSE
AMIRCHAND,NSE
AMITINT,BSE
AMJLAND,NSE
AMNPLST,NSE
AMPVOLTS,BSE
AMRAAGRI,BSE
AMRAPLIN,BSE
AMRUTANJAN,NSE
AMS,BSE
AMTL,BSE
AMWILL,BSE
ANANDRATHI,NSE
ANANTRAJ,NSE
ANDHRAPAP,NSE
ANDHRAPET,BSE
ANDHRSUGAR,NSE
ANDREWYU,BSE
ANG,BSE
ANGELONE,NSE
ANIKINDS,BSE
ANJANI,BSE
ANJANIFIN,BSE
ANJANIFOODS,BSE
ANKIN,BSE
ANKITMETAL,BSE
ANL,BSE
ANMOL,NSE
ANNAINFRA,BSE
ANSALAPI,BSE
ANSALBU,BSE
ANSALHSG,BSE
ANSINDUS,BSE
ANTARIKSH,BSE
ANTELOPUS,NSE
ANTGRAPHIC,NSE
ANTHEM,NSE
ANUBHAV,BSE
ANUHPHR,NSE
ANUP,NSE
ANUPAM,BSE
ANURAS,NSE
ANUROOP,BSE
ANVRDHI,BSE
APARINDS,NSE
APCL,NSE
APCOTEXIND,NSE
APEX,NSE
APIL,BSE
APIS,BSE
APL,BSE
APLAB,BSE
APLAPOLLO,NSE
APLLTD,NSE
APMIN,BSE
APOLLO,NSE
APOLLOFI,BSE
APOLLOHOSP,NSE
APOLLOIN,BSE
APOLLOPIPE,NSE
APOLLOTYRE,NSE
APOLSINHOT,NSE
APOORVA,BSE
APPL,BSE
APTECHT,BSE
APTPACK,BSE
APTUS,NSE
AQYLON,NSE
ARAVALIS,BSE
ARCEEIN,BSE
ARCFIN,BSE
ARCHIDPLY,NSE
ARCHIES,NSE
ARCHITORG,BSE
ARCL,BSE
ARE&M,NSE
ARENTERP,NSE
AREXMIS,BSE
ARFIN,NSE
ARIES,NSE
ARIGATO,BSE
ARIHANT,NSE
ARIHANTCAP,NSE
ARIHANTSUP,NSE
ARIS,NSE
ARISE,BSE
ARITAS,BSE
ARKADE,NSE
ARL,BSE
ARMAN,BSE
ARMANFIN,NSE
ARNOLD,BSE
AROGRANITE,NSE
ARROWGREEN,BSE
ARROWHEAD,BSE
ARSHIYA,BSE
ARSSBL,NSE
ARTEFACT,BSE
ARTEMISMED,NSE
ARTNIRMAN,NSE
ARTSON,BSE
ARUNAHTEL,BSE
ARVEE,NSE
ARVIND,NSE
ARVINDFASN,NSE
ARVSMART,NSE
ARYACAPM,BSE
ARYAMAN,BSE
ARYAVAN,BSE
ASAHIINDIA,NSE
ASAHISONG,NSE
ASAL,NSE
ASALCBR,NSE
ASARFI,BSE
ASGARD,BSE
ASHAI,BSE
ASHAPURMIN,NSE
ASHCAP,BSE
ASHIANA,NSE
ASHIKA,NSE
ASHIMASYN,NSE
ASHIS,BSE
ASHISHPO,BSE
ASHNI,BSE
ASHNOOR,BSE
ASHOKA,NSE
ASHOKAMET,NSE
ASHOKLEY,NSE
ASHRAM,BSE
ASHSI,BSE
ASIACAP,BSE
ASIAN,BSE
ASIANENE,NSE
ASIANHOTNR,NSE
ASIANPAINT,NSE
ASIANTILES,NSE
ASIANTNE,BSE
ASIAPAK,BSE
ASIIL,BSE
ASINPET,BSE
ASKAUTOLTD,NSE
ASMS,BSE
ASMTEC,BSE
ASPINWALL,NSE
ASPIRA,BSE
ASRL,BSE
ASTALLTD,BSE
ASTAR,NSE
ASTEC,NSE
ASTERDM,NSE
ASTONEALAB,BSE
ASTRAL,NSE
ASTRAMICRO,NSE
ASTRAZEN,NSE
ASTRON,BSE
ATALREAL,NSE
ATAM,NSE
ATENPAPERS,BSE
ATGL,NSE
ATHARVENT,BSE
ATHENAGLO,BSE
ATHERENERG,NSE
ATIL,BSE
ATISHAY,BSE
ATL,NSE
ATLANTAA,NSE
ATLANTAELE,NSE
ATLASCYCLE,NSE
ATUL,NSE
ATULAUTO,NSE
ATVOENT,BSE
ATVPR,BSE
AUBANK,NSE
AUDROC,BSE
AUREATE,BSE
AURIGROW,NSE
AURIONPRO,NSE
AURIQUE,BSE
AUROLAB,BSE
AUROPHARMA,NSE
AURUM,NSE
AUSOMENT,BSE
AUSTENG,BSE
AUSTERE,BSE
AUTOAXLES,NSE
AUTOIND,BSE
AUTOINT,BSE
AUTOPINS,BSE
AVADHSUGAR,BSE
AVAILFC,BSE
AVALON,NSE
AVANCE,BSE
AVANTEL,NSE
AVANTIFEED,NSE
AVAX,BSE
AVEER,BSE
AVG,NSE
AVIVA,BSE
AVL,NSE
AVONMORE,NSE
AVROIND,NSE
AVTNPL,NSE
AWFIS,NSE
AWHCL,NSE
AWL,NSE
AXELPOLY,BSE
AXENTRA,BSE
AXISBANK,NSE
AXISCADES,NSE
AXISOL,BSE
AXITA,NSE
AXTEL,BSE
AYE,NSE
AYMSYNTEX,NSE
AZAD,NSE
AZADIND,BSE
AZTEC,BSE
B2BSOFT,BSE
BABA,BSE
BACPHAR,BSE
BAFNAPH,BSE
BAGFILMS,NSE
BAIDFIN,NSE
BAIKAKAJI,BSE
BAJAJ-AUTO,NSE
BAJAJCON,NSE
BAJAJELEC,NSE
BAJAJFINSV,NSE
BAJAJHCARE,NSE
BAJAJHFL,NSE
BAJAJHIND,NSE
BAJAJHLDNG,NSE
BAJAJINDEF,NSE
BAJAJST,NSE
BAJEL,NSE
BAJFINANCE,NSE
BALAJEE,NSE
BALAJITELE,NSE
BALAMINES,NSE
BALGOPAL,BSE
BALKRISHNA,NSE
BALKRISIND,NSE
BALMLAWRIE,NSE
BALPHARMA,NSE
BALRAMCHIN,NSE
BALTE,BSE
BALUFORGE,NSE
BAMBINO,BSE
BAMPSL,BSE
BANARBEADS,NSE
BANARISUG,NSE
BANASFN,BSE
BANCOINDIA,NSE
BANDARAM,BSE
BANDHANBNK,NSE
BANG,NSE
BANKBARODA,NSE
BANKINDIA,NSE
BANSALWIRE,NSE
BANSWRAS,NSE
BAPACK,BSE
BARODARY,BSE
BAROEXT,BSE
BARONINF,BSE
BASANTGL,BSE
BASF,NSE
BASML,NSE
BATAINDIA,NSE
BATLIBOI,NSE
BAYERCROP,NSE
BAZELINTER,BSE
BBL,NSE
BBOX,NSE
BBTC,NSE
BBTCL,NSE
BCCFUBA,BSE
BCCL,BSE
BCG,NSE
BCLENTERPR,BSE
BCLIND,NSE
BCONCEPTS,NSE
BCP,BSE
BCPL,NSE
BDH,BSE
BDL,NSE
BEARDSELL,NSE
BECTORFOOD,NSE
BEDMUTHA,NSE
BEEKAY,NSE
BEEYU,BSE
BEEZAASAN,BSE
BEFOUNDMOL,BSE
BEL,NSE
BELDING,BSE
BELLACASA,NSE
BELRISE,NSE
BEMHY,BSE
BEML,NSE
BENARAS,BSE
BENGALASM,NSE
BENGALT,BSE
BEPL,NSE
BERGEPAINT,NSE
BERLDRG,BSE
BERVINL,BSE
BERYLSE,BSE
BESTAGRO,NSE
BESTEAST,BSE
BETA,NSE
BETXIND,BSE
BFINVEST,NSE
BFLAFL,BSE
BFUTILITIE,NSE
BGDL,BSE
BGIL,BSE
BGLOBAL,BSE
BGRENERGY,BSE
BGWTATO,BSE
BHAGCHEM,NSE
BHAGERIA,BSE
BHAGGAS,BSE
BHAGWOX,BSE
BHAGYANGR,BSE
BHANDARI,BSE
BHARAT,BSE
BHARATAGRI,BSE
BHARATCOAL,NSE
BHARATFORG,NSE
BHARATGEAR,NSE
BHARATRAS,NSE
BHARATROHAN,BSE
BHARATSE,NSE
BHARATWIRE,NSE
BHARTIARTL,NSE
BHARTIHEXA,NSE
BHASKAGR,BSE
BHATIA,BSE
BHEL,NSE
BHILSPIN,BSE
BHUDEVI,BSE
BI,NSE
BIBCL,BSE
BIGBLOC,NSE
BIHSPONG,BSE
BIKAJI,NSE
BIL,NSE
BILVYAPAR,BSE
BIMETAL,NSE
BIOCON,NSE
BIOFILCHEM,NSE
BIOGEN,BSE
BIRLACABLE,BSE
BIRLACORPN,NSE
BIRLAMONEY,NSE
BIRLANU,NSE
BIRLAPREC,NSE
BITS,BSE
BIZOTIC,BSE
BKV,BSE
BLACKBUCK,NSE
BLACKROSE,BSE
BLAL,NSE
BLBLIMITED,NSE
BLIL,NSE
BLISSGVS,NSE
BLKASHYAP,NSE
BLOIN,BSE
BLOOM,BSE
BLS,NSE
BLSE,NSE
BLUECHIP,BSE
BLUECHIPT,BSE
BLUECLOUDS,BSE
BLUECOAST,BSE
BLUEDART,NSE
BLUEGOD,BSE
BLUEJET,NSE
BLUESTARCO,NSE
BLUESTONE,NSE
BLUSPRING,NSE
BMBMUMG,BSE
BMW,BSE
BMWVENTLTD,NSE
BNAGROCHEM,BSE
BNALTD,NSE
BNRSEC,BSE
BNRUDY,BSE
BODALCHEM,BSE
BODHTREE,BSE
BOHRAIND,NSE
BOMBCYC,BSE
BOMBWIR,BSE
BOMDYEING,NSE
BOMOXY-B1,BSE
BOMTALKIES,BSE
BONLON,NSE
BORANA,NSE
BOROLTD,NSE
BORORENEW,NSE
BOROSCI,NSE
BOSCH-HCIL,NSE
BOSCHLTD,NSE
BOSTON,BSE
BPAGRI,BSE
BPCAP,BSE
BPCL,NSE
BPL,NSE
BPLPHARMA,BSE
BRADYM,BSE
BRAHMINFRA,BSE
BRAWN,BSE
BRGIL,BSE
BRIDGESE,BSE
BRIGADE,NSE
BRIGHOTEL,NSE
BRIGHT,BSE
BRIGHTBR,BSE
BRIJLEAS,BSE
BRITANNIA,NSE
BRNL,NSE
BROOKS,BSE
BRPL,BSE
BRRL,BSE
BSE,NSE
BSELALGO,BSE
BSHSL,BSE
BSL,NSE
BSLSENETFG,BSE
BSOFT,NSE
BTML,NSE
BTTL,NSE
BUILDPRO,NSE
BUTTERFLY,NSE
BVCL,NSE
BYKE,BSE
BYLD,BSE
CALCOM,BSE
CALSOFT,BSE
CAMEXLTD,BSE
CAMLINFINE,NSE
CAMPUS,NSE
CAMS,NSE
CANBK,NSE
CANDOUR,BSE
CANFINHOME,NSE
CANHLIFE,NSE
CANTABIL,NSE
CAPACITE,NSE
CAPFIN,BSE
CAPILLARY,NSE
CAPITALSFB,NSE
CAPLIPOINT,NSE
CAPPIPES,BSE
CAPRICORN,BSE
CAPRIHANS,BSE
CAPRO,BSE
CAPTRUST,BSE
CARBORUNIV,NSE
CARERATING,NSE
CARNATIN,BSE
CARRARO,NSE
CARTRADE,NSE
CARYSIL,NSE
CASPIAN,BSE
CASTORA,BSE
CASTROLIND,NSE
CATVISION,BSE
CCAL,BSE
CCAVENUE,NSE
CCCL,NSE
CCDL,BSE
CCHHL,NSE
CCL,NSE
CCLINTER,BSE
CCME,BSE
CDG,BSE
CDSL,NSE
CEATLTD,NSE
CEEJAY,BSE
CEENIK,BSE
CEETAIN,BSE
CEIGALL,NSE
CEINSYS,NSE
CELEBRITY,NSE
CELLA,BSE
CELLO,NSE
CEMAINFRA,BSE
CEMPRO,NSE
CENLUB,BSE
CENTENKA,NSE
CENTEXT,NSE
CENTRALBK,NSE
CENTRUM,NSE
CENTUM,NSE
CENTUPLE,BSE
CENTURYPLY,NSE
CERA,NSE
CEREBRAINT,BSE
CESC,NSE
CEWATER,NSE
CFEL,BSE
CFF,BSE
CFL,BSE
CGCL,NSE
CGFL,BSE
CGPOWER,NSE
CGVAK,BSE
CHALET,NSE
CHALLANI,BSE
CHAMBLFERT,NSE
CHANDNIMACH,BSE
CHANDRAP,BSE
CHANDRIMA,BSE
CHATHA,BSE
CHDCHEM,BSE
CHEMCON,BSE
CHEMCRUX,BSE
CHEMFAB,BSE
CHEMKART,BSE
CHEMPLASTS,NSE
CHEMTECH,BSE
CHENFERRO,BSE
CHENNPETRO,NSE
CHEVIOT,NSE
CHIRAHARIT,BSE
CHLLTD,BSE
CHLOGIST,BSE
CHMBBRW,BSE
CHOICEIN,NSE
CHOKSI,BSE
CHOKSILA,BSE
CHOLAFIN,NSE
CHOLAHLDNG,NSE
CHORDIA,BSE
CHOTHANI,BSE
CHOWGULSTM,BSE
CHROME,BSE
CHTR,BSE
CIANAGRO,BSE
CIEINDIA,NSE
CIFL,NSE
CIL,BSE
CILSEC,BSE
CINDHO,BSE
CINDRELL,BSE
CINELINE,NSE
CINEVISTA,NSE
CIPLA,NSE
CITADEL,BSE
CITICHEM,BSE
CITIPOR,BSE
CITURGIA,BSE
CITYMAN,BSE
CITYSQUARE,BSE
CJGEL,BSE
CLCIND,BSE
CLEAN,NSE
CLEANMAX,NSE
CLEDUCATE,BSE
CLENON,BSE
CLFL,BSE
CLIOINFO,BSE
CLN,BSE
CLSEL,NSE
CMBL,BSE
CMICABLES,BSE
CMMHOSP,BSE
CMPDI,NSE
CMRGREEN,NSE
CMSINFO,NSE
CMXLTD,BSE
CNCRD,BSE
CNINFOTECH,BSE
CNL,NSE
COALINDIA,NSE
COASTCORP,NSE
COCHINM,BSE
COCHINSHIP,NSE
COCHMAL,BSE
COCKERILL,NSE
COFFEEDAY,BSE
COFORGE,NSE
COHANCE,NSE
COLAB,BSE
COLINZ,BSE
COLORCHIPS,BSE
COLPAL,NSE
COMCL,BSE
COMFINCAP,BSE
COMFINTE,NSE
COMPEAU,BSE
COMPINFO,BSE
COMPUPN,BSE
COMPUSOFT,NSE
COMRADE,BSE
COMSYN,NSE
CONART,BSE
CONCOR,NSE
CONCORD,BSE
CONCORDBIO,NSE
CONFIPET,NSE
CONSOFINVT,NSE
CONSTRONIC,BSE
CONTAINE,BSE
CONTAINER,BSE
CONTICON,BSE
CONTILI,BSE
CONTPTR,BSE
CONTROLPR,NSE
CORALAB,BSE
CORALFINAC,NSE
CORDSCABLE,BSE
CORNE,BSE
COROENGG,BSE
COROMANDEL,NSE
CORONA,NSE
COSCO,BSE
COSMICCRF,BSE
COSMOFE,BSE
COSMOFIRST,NSE
COSPOWER,BSE
COSYN,BSE
COTFAB,BSE
COUNCODOS,NSE
COVANCE,BSE
CPCAP,BSE
CPEDU,NSE
CPL,BSE
CPML,BSE
CPPLUS,NSE
CRAFTSMAN,NSE
CRAMC,NSE
CRANEINFRA,BSE
CRANESSOFT,BSE
CRANEX,BSE
CRAVATEX,BSE
CREATIVE,BSE
CREATIVEYE,NSE
CREDITACC,NSE
CRESANTO,BSE
CRESCENTIS,BSE
CREST,NSE
CRISIL,NSE
CRIZAC,NSE
CROISSANCE,BSE
CROMPTON,NSE
CROPSTER,BSE
CROWN,NSE
CRSL,BSE
CRSTCHM,BSE
CRYOGENIC,BSE
CRYSTAL,BSE
CSBBANK,NSE
CSL,BSE
CSLFINANCE,NSE
CSURGSU,BSE
CTE,NSE
CTL,BSE
CTLLAB,BSE
CUB,NSE
CUBEXTUB,NSE
CUBIFIN,BSE
CUMMINSIND,NSE
CUPID,NSE
CUPIDALBV,BSE
CURAA,NSE
CWD,BSE
CYBELEIND,BSE
CYBERMEDIA,BSE
CYBERTECH,BSE
CYIENT,NSE
CYIENTDLM,NSE
DABUR,NSE
DACHEPALLI,BSE
DAICHI,BSE
DAIKAFFI,BSE
DALBHARAT,NSE
DALMIASUG,NSE
DAMCAPITAL,NSE
DAMODARIND,NSE
DANGEE,NSE
DANLAW,BSE
DANUBE,BSE
DARJEELING,BSE
DARSHANORNA,BSE
DATAMATICS,NSE
DATAPATTNS,NSE
DAULAT,BSE
DAVANGERE,NSE
DAVIN,BSE
DBCORP,NSE
DBEIL,BSE
DBL,NSE
DBOL,BSE
DBREALTY,BSE
DBSTOCKBRO,NSE
DCAL,NSE
DCBBANK,NSE
DCI,BSE
DCM,BSE
DCMFINSERV,BSE
DCMNVL,BSE
DCMSHRIRAM,NSE
DCMSIL,BSE
DCMSRIND,NSE
DCW,NSE
DCXINDIA,NSE
DDEVPLSTIK,NSE
DECCAN,BSE
DECCANCE,NSE
DECIPHER,BSE
DECNGOLD,NSE
DECOMIC,BSE
DECPO,BSE
DEEDEV,BSE
DEEP,BSE
DEEPAI,BSE
DEEPAKCHEM,BSE
DEEPAKFERT,NSE
DEEPAKNTR,NSE
DEEPAKSP,BSE
DEEPINDS,NSE
DEFRAIL,BSE
DEL,BSE
DELHIVERY,NSE
DELPHIFX,NSE
DELTA,BSE
DELTACORP,NSE
DELTAMAGNT,NSE
DEN,NSE
DENISCHEM,BSE
DENORA,NSE
DENTA,NSE
DESCO,BSE
DESIFARMS,BSE
DEVIT,NSE
DEVLAB,BSE
DEVX,NSE
DEVYANI,NSE
DFPL,BSE
DGCONTENT,NSE
DGL,BSE
DHABRIYA,BSE
DHAMPURE,BSE
DHAMPURSUG,NSE
DHANBANK,NSE
DHANCOT,BSE
DHANFAB,BSE
DHANROTO,BSE
DHANSAFAL,BSE
DHANUKA,NSE
DHARAN,BSE
DHARFIN,BSE
DHARMAJ,NSE
DHATRE,BSE
DHENUBUILD,BSE
DHILLON,BSE
DHINDIA,BSE
DHOOTIN,BSE
DHPIND,BSE
DHRUV,BSE
DHRUVCA,BSE
DHUNINV,NSE
DHYAANITR,BSE
DIACABS,NSE
DIAMANT,BSE
DIAMINESQ,NSE
DIAMONDYD,NSE
DIANATEA,BSE
DICIND,NSE
DIDL,BSE
DIFFNKG,NSE
DIGIDRIVE,NSE
DIGILOGIC,BSE
DIGISPICE,BSE
DIGITIDE,NSE
DIGJAMLMTD,NSE
DIKSHA,BSE
DILIGENT,BSE
DISAQ,NSE
DISHTV,BSE
DITCO,BSE
DIVGIITTS,NSE
DIVISLAB,NSE
DIVSHKT,BSE
DIXON,NSE
DJML,NSE
DJSSS,BSE
DKUAL,BSE
DLCL,BSE
DLF,NSE
DLINKINDIA,NSE
DLTNCBL,BSE
DMART,NSE
DMCC,NSE
DNAMEDIA,NSE
DODLA,NSE
DOLATALGO,NSE
DOLFIN,BSE
DOLLAR,NSE
DOLPHIN,NSE
DOLPHMED,BSE
DOMS,NSE
DONEAR,NSE
DPABHUSHAN,NSE
DPL,BSE
DPWIRES,NSE
DRAGARWQ,NSE
DRCSYSTEMS,NSE
DREAMFOLKS,NSE
DREDGECORP,NSE
DRL,BSE
DRONACHRYA,BSE
DRREDDY,NSE
DSFCL,BSE
DSINVEST,BSE
DSSL,NSE
DTIL,NSE
DUCON,BSE
DUKEOFS,BSE
DUNCANENG,BSE
DUROPACK,BSE
DUROPLY,BSE
DUTRON,BSE
DVL,NSE
DWARKESH,NSE
DYCL,NSE
DYNAMATECH,NSE
DYNAMIND,BSE
DYNAVSN,BSE
DYNPRO,NSE
E2E,NSE
EARKART,BSE
EASEMYTRIP,NSE
EASTBUILD,BSE
EASTINDIA,BSE
EASTRED,BSE
EASTSILK,BSE
EASTWEST,BSE
EBGNG,NSE
EBIX,BSE
ECLERX,NSE
ECOBOAR,BSE
ECOHOTELS,BSE
ECOPLAST,BSE
ECORECO,BSE
ECOSMOBLTY,BSE
ECS,BSE
EDELWEISS,NSE
EDUCOMP,BSE
EDVENSWA,BSE
EFCIL,NSE
EFORU,BSE
EICHERMOT,NSE
EIDPARRY,NSE
EIEL,NSE
EIHAHOTELS,NSE
EIHOTEL,NSE
EIKO,BSE
EIMCOELECO,NSE
EKAMLEA,BSE
EKANSH,BSE
EKC,NSE
EKI,BSE
ELAND,BSE
ELANGO,BSE
ELANTAS,NSE
ELCIDIN,NSE
ELDEHSG,NSE
ELECON,NSE
ELECTCAST,NSE
ELECTHERM,NSE
ELEFLOR,BSE
ELEMARB,BSE
ELFIN,BSE
ELFORGE,BSE
ELGIEQUIP,NSE
ELGIRUBCO,NSE
ELIN,NSE
ELITECON,NSE
ELIXIR,BSE
ELLEN,NSE
ELNET,BSE
ELPROINTL,NSE
EMAINDIA,BSE
EMAMILTD,NSE
EMAMIPAP,NSE
EMAMIREAL,BSE
EMBDL,NSE
EMCURE,NSE
EMERALD,BSE
EMERALL,BSE
EMERGENT,BSE
EMIAC,BSE
EMIL,NSE
EMKAY,NSE
EMMBI,NSE
EMMESSA,BSE
EMMFORCE,BSE
EMMVEE,NSE
EMPIND,BSE
EMPOWER,BSE
EMROCK,BSE
EMSLIMITED,NSE
EMUDHRA,NSE
ENBETRD,BSE
ENCODE,BSE
ENDURANCE,NSE
ENERGYDEV,NSE
ENGINERSIN,NSE
ENIL,NSE
ENKEIWHEL,BSE
ENRIN,NSE
ENTERO,NSE
ENTRINT,BSE
ENVAIREL,BSE
EPACK,NSE
EPACKPEB,NSE
EPBIO,BSE
EPIC,BSE
EPIGRAL,NSE
EPL,NSE
EPSOMPRO,BSE
EPUJA,BSE
EQUILATERA,BSE
EQUIPPP,BSE
EQUITASBNK,NSE
ERIS,NSE
ESABINDIA,NSE
ESAFSFB,NSE
ESARIND,BSE
ESCORP,BSE
ESCORTS,NSE
ESHAMEDIA,BSE
ESPIRE,BSE
ESSARSHPNG,NSE
ESSENTIA,BSE
ESSEX,BSE
ESTER,NSE
ETERNAL,NSE
ETHOSLTD,NSE
ETIL,BSE
EUPHORIAIT,BSE
EUREKAFORB,NSE
EUREKAI,BSE
EUROBOND,NSE
EUROLED,BSE
EUROPRATIK,NSE
EUROTEXIND,BSE
EVEREADY,NSE
EVERESTIND,NSE
EVERESTO,BSE
EVERFIN,BSE
EVEXIA,BSE
EVOQ,BSE
EXATO,BSE
EXCELINDUS,NSE
EXCELSOFT,NSE
EXHICON,BSE
EXICOM,NSE
EXIDEIND,NSE
EXPLEOSOL,NSE
EXPOEAPL,BSE
EXXARO,NSE
EY,BSE
FAALCON,BSE
FABCLEAN,BSE
FABTECH,NSE
FACORALL,BSE
FACT,NSE
FAIRCHEMOR,NSE
FAMILYCARE,BSE
FAZE3Q,NSE
FCL,NSE
FCONSUMER,BSE
FCSSOFT,BSE
FDC,NSE
FEDDERSHOL,NSE
FEDERALBNK,NSE
FEDFINA,NSE
FEL,BSE
FELDVR,BSE
FERMENTA,NSE
FERVENTSYN,BSE
FFPL,BSE
FGP,BSE
FIBERWEB,NSE
FIEMIND,NSE
FILATEX,NSE
FILATFASH,BSE
FILME,BSE
FILTRON,BSE
FINCABLES,NSE
FINELINE,BSE
FINEORG,NSE
FINKURVE,NSE
FINOPB,NSE
FINPIPE,NSE
FIRSTCRY,NSE
FIRSTFIN,BSE
FISCHER,NSE
FIVESTAR,NSE
FLAIR,NSE
FLEXFO,BSE
FLEXITUFF,BSE
FLFL,BSE
FLOMIC,BSE
FLORACORP,BSE
FLUIDOM,BSE
FLUOROCHEM,NSE
FMEC,BSE
FMGOETZE,NSE
FMNL,BSE
FOCUS,NSE
FOODSIN,NSE
FORBESCO,BSE
FORCEMOT,NSE
FORINTL,BSE
FORTIS,NSE
FORTISMLR,BSE
FOSECOC,BSE
FOSECOIND,NSE
FRACTAL,NSE
FRANKLININD,BSE
FRASER,BSE
FRATELLI,BSE
FREDUN,BSE
FRONTCAP,BSE
FRONTCORP,BSE
FRONTFN,BSE
FRONTSP,NSE
FSL,NSE
FTL,BSE
FUNDVISER,BSE
FUSION,NSE
FUTSOL,BSE
FYNX,BSE
GABRIEL,NSE
GAEL,NSE
GAGAN,BSE
GAIL,NSE
GAJANANSEC,BSE
GALACTICO,BSE
GALADA,BSE
GALADAFIN,BSE
GALAGEX,BSE
GALAPREC,NSE
GALAXYSURF,NSE
GALLANTT,NSE
GALLARD,BSE
GALXBRG,BSE
GAMCO,BSE
GANDHAR,NSE
GANDHITUBE,NSE
GANECOS,NSE
GANESHBE,NSE
GANESHCP,NSE
GANESHHOU,NSE
GANGAFORGE,NSE
GANGAPA,BSE
GANGESSECU,NSE
GANHOLD,BSE
GANONPRO,BSE
GANVERSE,BSE
GARBIFIN,BSE
GARFIBRES,NSE
GARGFUR,BSE
GARGI,BSE
GARMNTMNTR,BSE
GARNET,BSE
GARNETINT,BSE
GARUDA,NSE
GARWAMAR,BSE
GARWAOFFS,BSE
GARWSYN,BSE
GATECH,NSE
GATECHDVR,NSE
GATEWAY,NSE
GAUDIUMIVF,BSE
GAYAHWS,NSE
GAYAPROJ,BSE
GAYATRI,BSE
GAYATRIBI,BSE
GBFL,BSE
GBLINFRA,BSE
GBLOGISTIC,BSE
GCMSECU,BSE
GCSL,NSE
GDLLEAS,BSE
GEE,BSE
GEECEE,NSE
GEEKAYWIRE,NSE
GEETANJ,BSE
GEL,BSE
GEMAROMA,NSE
GEMSI,BSE
GENCON,NSE
GENESYS,NSE
GENNEX,BSE
GENPHARMA,BSE
GENSOL,BSE
GENUSPAPER,NSE
GENUSPOWER,NSE
GENUSPRIME,BSE
GEOJITFSL,NSE
GESHIP,NSE
GFLLIMITED,NSE
GFSTEELS,BSE
GGAUTO,BSE
GGDPROP,BSE
GGL,BSE
GGPL,BSE
GHCL,NSE
GHCLTEXTIL,NSE
GHVINFRA,BSE
GIANLIFE,BSE
GICHSGFIN,NSE
GICL,NSE
GICRE,NSE
GILADAFINS,BSE
GILLANDERS,NSE
GILLETTE,NSE
GINISILK,BSE
GINNIFILA,NSE
GIPCL,NSE
GITARENEW,BSE
GKB,BSE
GKCONS,BSE
GKENERGY,NSE
GKL,BSE
GKP,BSE
GKSL,NSE
GKWLIMITED,NSE
GLAND,NSE
GLAXO,NSE
GLCL,BSE
GLEN,BSE
GLENMARK,NSE
GLHRL,BSE
GLITTEKG,BSE
GLOBAL,NSE
GLOBALCA,BSE
GLOBALE,BSE
GLOBALVECT,NSE
GLOBE,NSE
GLOBECIVIL,BSE
GLOBTIER,BSE
GLOBUSCON,BSE
GLOBUSSPR,NSE
GLOSTERLTD,NSE
GLOTTIS,BSE
GLPL,BSE
GMBREW,NSE
GMDCLTD,NSE
GMMPFAUDLR,NSE
GMPL,BSE
GMRAIRPORT,NSE
GMRP&UI,NSE
GNA,NSE
GNFC,NSE
GNRL,NSE
GOACARBON,NSE
GOBLIN,BSE
GOCLCORP,NSE
GOCOLORS,NSE
GODAVARI,BSE
GODAVARIB,NSE
GODFRYPHLP,NSE
GODIGIT,NSE
GODREJAGRO,NSE
GODREJCP,NSE
GODREJIND,NSE
GODREJPROP,NSE
GOELCONS,BSE
GOKAKTEX,BSE
GOKEX,NSE
GOKUL,NSE
GOKULAGRO,NSE
GOLDENTOBC,BSE
GOLDIAM,NSE
GOLDLEG,BSE
GOLDTECH,NSE
GOLKUNDIA,BSE
GOODLUCK,NSE
GOODRICKE,BSE
GOODYEAR,NSE
GOPAL,NSE
GORANIN,BSE
GOURMET,BSE
GOWRALE,BSE
GOYALALUM,NSE
GOYALASS,BSE
GPAPL,BSE
GPIL,NSE
GPPL,NSE
GPSL,BSE
GPTHEALTH,NSE
GPTINFRA,NSE
GRADIENTE,NSE
GRAMEVA,BSE
GRANDMA,BSE
GRANDOAK,NSE
GRANULES,NSE
GRAPHITE,NSE
GRASIM,NSE
GRATEXI,BSE
GRAUWEIL,NSE
GRAVISSHO,NSE
GRAVITA,NSE
GRAVITY,BSE
GREAVESCOT,NSE
GREENCREST,BSE
GREENLAM,NSE
GREENPANEL,NSE
GREENPLY,NSE
GREENPOWER,NSE
GRERENEW,BSE
GRINDWELL,NSE
GRINFRA,NSE
GRMOVER,NSE
GROARC,BSE
GROBTEA,NSE
GROVY,BSE
GROWINGTON,BSE
GROWW,NSE
GRPLTD,NSE
GRSE,NSE
GRWRHITECH,NSE
GSAUTO,BSE
GSBFIN,BSE
GSFC,NSE
GSLSU,NSE
GSLTD,BSE
GSPCROP,NSE
GSS,BSE
GSTL,BSE
GTEIT,BSE
GTIL,BSE
GTL,NSE
GTLINFRA,NSE
GTNINDS,BSE
GTNTEX,BSE
GTPL,NSE
GTTDATA,BSE
GTV,BSE
GUFICBIO,NSE
GUJALKALI,NSE
GUJAPOLLO,NSE
GUJARATPOLY,BSE
GUJCOTEX,BSE
GUJCRAFT,BSE
GUJCRED,BSE
GUJGASLTD,NSE
GUJHOTE,BSE
GUJHYSPIN,BSE
GUJINJEC,BSE
GUJINTRX,BSE
GUJINV,BSE
GUJJUBHAI,BSE
GUJPETR,BSE
GUJRAFFIA,NSE
GUJSTATFIN,BSE
GUJTERC,BSE
GUJTHEM,NSE
GUJTLRM,BSE
GUJWIND,BSE
GULFOILLUB,NSE
GULFPETRO,BSE
GULPOLY,NSE
GVBL,BSE
GVFILM,BSE
GVKPIL,BSE
GVPIL,NSE
GVPTECH,NSE
GVT&D,NSE
GYANDEV,BSE
GYFTR,BSE
HAL,NSE
HALDER,NSE
HALDYNGL,BSE
HALEOSLABS,NSE
HAMPTON,BSE
HANNAH,BSE
HANSUGAR,BSE
HAPPSTMNDS,NSE
HAPPYFORGE,NSE
HARCR,BSE
HARDCAS,BSE
HARDWYN,NSE
HARIAAPL,BSE
HARIAEXPO,BSE
HARIKANTA,BSE
HARIOMPIPE,NSE
HARISH,BSE
HARLETH,BSE
HARRMALAYA,NSE
HARSHA,NSE
HARSHDEEP,BSE
HARSHILAGR,BSE
HARYNACAP,BSE
HATHWAY,NSE
HATHWAYB,BSE
HATSUN,NSE
HAVELLS,NSE
HAVISHA,NSE
HAWAENG,BSE
HAWKINCOOK,NSE
HAZOOR,BSE
HBEL,BSE
HBESD,NSE
HBGHOTELS,BSE
HBLEAS,BSE
HBLENGINE,NSE
HBPOR,BSE
HBSL,BSE
HCC,NSE
HCG,NSE
HCKKVENTURE,BSE
HCL-INSYS,NSE
HCLTECH,NSE
HDBFS,NSE
HDFCAMC,NSE
HDFCBANK,NSE
HDFCLIFE,NSE
HDIL,BSE
HEADSUP,NSE
HEALTHX,NSE
HEALTHYLIFE,BSE
HECPROJECT,NSE
HEERAISP,BSE
HEG,NSE
HEIDELBERG,NSE
HELPAGE,BSE
HEMANG,BSE
HEMIPROP,NSE
HEMORGANIC,BSE
HERANBA,NSE
HERCULES,BSE
HERITGFOOD,NSE
HEROMOTOCO,NSE
HESTERBIO,NSE
HEXAGON,NSE
HEXATRADEX,NSE
HEXT,NSE
HFCL,NSE
HFIL,BSE
HGINFRA,NSE
HGM,NSE
HGS,NSE
HIGHENE,BSE
HIGHNESS,BSE
HIIL,BSE
HIKAL,NSE
HIKLASS,BSE
HILIKS,BSE
HILINFRA,BSE
HILLTONE,BSE
HILTON,BSE
HIMATSEIDE,NSE
HIMTEK,BSE
HINDADH,BSE
HINDALCO,NSE
HINDALUMI,BSE
HINDAPL,BSE
HINDBIO,BSE
HINDCOMPOS,NSE
HINDCOPPER,NSE
HINDHARD,BSE
HINDMILL,BSE
HINDMOTORS,BSE
HINDOILEXP,NSE
HINDPETRO,NSE
HINDTIN,BSE
HINDUNILVR,NSE
HINDUST,BSE
HINDWAREAP,NSE
HINDZINC,NSE
HIPOLIN,BSE
HIRECT,NSE
HISARMETAL,NSE
HITECH,NSE
HITECHCORP,BSE
HITECHGEAR,BSE
HITKITGLO,BSE
HITTCO,BSE
HLEGLAS,NSE
HLVLTD,NSE
HMAAGRO,NSE
HMEML,BSE
HMT,BSE
HMVL,NSE
HNDFDS,NSE
HOCL,BSE
HOM,BSE
HOMEFIRST,NSE
HONASA,NSE
HONAUT,NSE
HONDAPOWER,NSE
HORIZON,BSE
HOTLSILV,BSE
HOWARHO,BSE
HPAL,NSE
HPBL,BSE
HPCOTTON,BSE
HPIL,NSE
HPL,NSE
HRMNYCP,BSE
HRS,BSE
HRYNSHP,BSE
HSCL,NSE
HSIL,BSE
HTMEDIA,NSE
HUBTOWN,NSE
HUDCO,NSE
HUHTAMAKI,NSE
HYBRIDFIN,BSE
HYPERSOFT,BSE
HYUNDAI,NSE
IBINFO,BSE
IBULLSLTD,BSE
ICDSLTD,NSE
ICEMAKE,NSE
ICICIAMC,NSE
ICICIBANK,NSE
ICICIGI,NSE
ICICIPRULI,NSE
ICIL,NSE
ICL,BSE
ICODEX,BSE
ICON,BSE
ICONIKSPEV,BSE
ICRA,NSE
ICSL,BSE
IDBI,NSE
IDEA,NSE
IDEAFORGE,BSE
IDENTIXWEB,BSE
IDFCFIRSTB,NSE
IDM,BSE
IECEDU,BSE
IEX,NSE
IFBAGRO,BSE
IFBIND,NSE
IFCI,NSE
IFGLEXPOR,NSE
IFINSEC,BSE
IFINSER,BSE
IFL,BSE
IGARASHI,NSE
IGCIL,BSE
IGCL,NSE
IGIL,NSE
IGL,NSE
IGPL,NSE
IIFL,NSE
IIFLCAPS,NSE
IIRM,BSE
IISL,BSE
IITL,NSE
IITLPROJ,BSE
IKIO,NSE
IKOMA,BSE
IKS,NSE
IL&FSENGG,BSE
IL&FSTRANS,BSE
IMAGICAA,NSE
IMEC,BSE
IMFA,NSE
IMPAL,NSE
INA,NSE
INANI,BSE
INCAP,BSE
INCON,BSE
INCREDIBLE,NSE
INDAG,BSE
INDBANK,NSE
INDBNK,BSE
INDCEMCAP,BSE
INDCTST,BSE
INDGELA,BSE
INDGN,NSE
INDHOTEL,NSE
INDIACEM,NSE
INDIAGLYCO,NSE
INDIAHOME,BSE
INDIAHOMES,BSE
INDIAMART,NSE
INDIANACRY,BSE
INDIANB,NSE
INDIANCARD,NSE
INDIANHUME,NSE
INDIANVSH,BSE
INDIASHLTR,NSE
INDICAP,BSE
INDIGO,NSE
INDIGOPNTS,NSE
INDINFO,BSE
INDIQUBE,NSE
INDLEASE,BSE
INDNIPPON,NSE
INDOAMIN,BSE
INDOBELL,BSE
INDOBORAX,NSE
INDOCITY,BSE
INDOCO,NSE
INDOEURO,BSE
INDOFARM,NSE
INDOKEM,BSE
INDONG,BSE
INDORAMA,NSE
INDOSMC,BSE
INDOSTAR,NSE
INDOTECH,BSE
INDOTHAI,NSE
INDOUS,NSE
INDOWIND,BSE
INDPRUD,NSE
INDRAMEDCO,NSE
INDRANIB,BSE
INDRENEW,BSE
INDSILHYD,BSE
INDSUCR,BSE
INDSWFTLAB,NSE
INDTERRAIN,NSE
INDTONER,BSE
INDUSFINL,BSE
INDUSINDBK,NSE
INDUSTOWER,NSE
INDXTRA,BSE
INFINITY,BSE
INFLAME,BSE
INFOBEAN,NSE
INFOMEDIA,NSE
INFORTEC,BSE
INFRONICS,BSE
INFY,NSE
INGERRAND,NSE
INLANPR,BSE
INLCM,BSE
INNOCORP,BSE
INNOVACAP,NSE
INNOVANA,NSE
INNOVATIVE,BSE
INNOVATORS,BSE
INNOVISION,NSE
INNOVTEC,BSE
INOVSYNTH,BSE
INOXGREEN,NSE
INOXINDIA,NSE
INOXWIND,NSE
INSECTICID,NSE
INSPIRISYS,BSE
INTCAPL,BSE
INTECCAP,BSE
INTEGFD,BSE
INTEGHIT,BSE
INTEGRAEN,BSE
INTEGSW,BSE
INTELLECT,NSE
INTENTECH,NSE
INTERARCH,NSE
INTERDIGI,BSE
INTLCOMBQ,BSE
INTLCONV,NSE
INTRGLB,BSE
INTSTOIL,BSE
INVENTURE,NSE
INVIGO,BSE
INVPRECQ,NSE
IOB,NSE
IOC,NSE
IOLCP,NSE
IONEXCHANG,NSE
IPCALAB,NSE
IPL,NSE
IPOWER,BSE
IPRINGLTD,BSE
IRB,NSE
IRCON,NSE
IRCTC,NSE
IREDA,NSE
IRFC,NSE
IRIS,NSE
IRISDOREME,NSE
IRMENERGY,NSE
IRONWOOD,BSE
ISERA,BSE
ISFL,BSE
ISFT,NSE
ISGEC,NSE
ISHANCH,NSE
ISHITADR,BSE
ISLCONSUL,BSE
ISTLTD,BSE
ISTRNETWK,BSE
ITC,NSE
ITCHOTELS,NSE
ITCONS,BSE
ITDC,NSE
ITHL,BSE
ITI,NSE
ITL,BSE
IVALUE,NSE
IVC,NSE
IVP,NSE
IVZINGOLD,BSE
IWP,NSE
IXIGO,NSE
IYKOTHITE,BSE
IZMO,NSE
J&KBANK,NSE
JACKSON,BSE
JAGAJITIND,BSE
JAGANLAM,BSE
JAGJANANI,BSE
JAGRAN,NSE
JAGSNPHARM,NSE
JAGSONSER,BSE
JAIBALAJI,BSE
JAICORPLTD,NSE
JAIHIND,BSE
JAIMATAG,BSE
JAINCO,BSE
JAINREC,NSE
JAIPAN,BSE
JAIPURKURT,NSE
JAMESWARREN,BSE
JAMNAAUTO,NSE
JAMSHRI,BSE
JARO,NSE
JASCH,BSE
JASH,NSE
JATTAINDUS,BSE
JAUSPOL,BSE
JAYAGROGN,NSE
JAYANT,BSE
JAYATMA,BSE
JAYBARMARU,NSE
JAYCH,BSE
JAYIND,BSE
JAYKAILASH,BSE
JAYKAY,NSE
JAYNECOIND,NSE
JAYSREETEA,NSE
JAYSYNTH,BSE
JAYUSH,BSE
JBCHEPHARM,NSE
JBMA,NSE
JDCABLES,BSE
JENBURPH,BSE
JETFREIGHT,NSE
JETKINGQ,BSE
JETMALL,BSE
JETSOLAR,BSE
JFL,BSE
JGCHEM,NSE
JGTL,BSE
JHACC,BSE
JHS,NSE
JIGAR,BSE
JINDALPHOT,NSE
JINDALPOLY,NSE
JINDALSAW,NSE
JINDALSTEL,NSE
JINDCAP,BSE
JINDHOT,BSE
JINDRILL,NSE
JINDWORLD,NSE
JIOFIN,NSE
JISLDVREQS,NSE
JISLJALEQS,NSE
JITFINFRA,NSE
JJFINCOR,BSE
JKAGRI,BSE
JKCEMENT,NSE
JKIL,NSE
JKIPL,BSE
JKLAKSHMI,NSE
JKPAPER,NSE
JKTYRE,NSE
JLHL,NSE
JLL,BSE
JMA,NSE
JMDVL,BSE
JMFINANCIL,NSE
JMGCORP,BSE
JMJFIN,BSE
JNKINDIA,NSE
JOHNPHARMA,BSE
JOINDRE,BSE
JOJO,BSE
JOLYPLS,BSE
JONJUA,BSE
JOSTS,BSE
JPOLYINVST,NSE
JPPOWER,NSE
JSFB,NSE
JSL,NSE
JSLINDL,BSE
JSLL,NSE
JSTL,BSE
JSWCEMENT,NSE
JSWDULUX,NSE
JSWENERGY,NSE
JSWHL,NSE
JSWINFRA,NSE
JSWSTEEL,NSE
JTEKTINDIA,NSE
JTLDEFENCE,BSE
JTLIND,NSE
JUBLCPL,NSE
JUBLFOOD,NSE
JUBLINGREA,NSE
JUBLPHARMA,NSE
JULIEN,BSE
JUMBO,BSE
JUNE,BSE
JUNGLECAMP,BSE
JUNIPER,NSE
JUPITERIN,BSE
JUSTDIAL,NSE
JUSTO,BSE
JWL,NSE
JYOTHYLAB,NSE
JYOTI,BSE
JYOTICNC,NSE
JYOTIRES,BSE
JYOTISTRUC,NSE
KABRADG,BSE
KABRAEXTRU,NSE
KABSON,BSE
KACHCHH,BSE
KACL,BSE
KAIRA,BSE
KAIZENAGRO,BSE
KAJARIACER,NSE
KAJARIR,BSE
KAKA,BSE
KAKTEX,BSE
KALAMANDIR,NSE
KALIND,BSE
KALLAM,BSE
KALPACOMME,BSE
KALPATARU,NSE
KALYANCAP,BSE
KALYANI,BSE
KALYANIFRG,NSE
KALYANKJIL,NSE
KAMADGIRI,BSE
KAMAHOLD,NSE
KAMANWALA,BSE
KAMATHOTEL,NSE
KAMATS,BSE
KAMDHENU,BSE
KAMOPAINTS,NSE
KANANIIND,NSE
KANCHI,BSE
KANCOTEA,BSE
KANELIND,BSE
KANORICHEM,BSE
KANPRPLA,NSE
KANSAINER,NSE
KANSHST,BSE
KANUNGO,BSE
KAPILRAJ,BSE
KAPSTON,NSE
KARBON,BSE
KARMAENG,NSE
KARNAVATI,BSE
KARNAWATI,BSE
KARTKIN,BSE
KARURVYSYA,NSE
KASTURI,BSE
KATIPATANG,BSE
KAUSHALYA,NSE
KAVDEFENCE,NSE
KAYA,NSE
KAYCEEI,BSE
KAYNES,NSE
KAYPOWR,BSE
KBSINDIA,BSE
KCDGROUP,BSE
KCLINFRA,BSE
KCP,NSE
KCPSUGIND,NSE
KDDL,NSE
KEC,NSE
KECL,BSE
KEEPLEARN,NSE
KEERTHI,BSE
KEI,NSE
KEIL,BSE
KEL,BSE
KELENRG,BSE
KELLTONTEC,NSE
KEMISTAR,BSE
KEMP,BSE
KENFIN,BSE
KENNAMET,NSE
KENVI,BSE
KERALAYUR,BSE
KERNEX,NSE
KESAR,BSE
KESARENT,BSE
KESARPE,BSE
KESORAMIND,BSE
KETOMOTORS,BSE
KEYCORP,BSE
KEYFINSERV,NSE
KFBL,BSE
KFINTECH,NSE
KGDENIM,BSE
KHADIM,BSE
KHAICHEM,BSE
KHAITANLTD,BSE
KHANDSE,NSE
KHAZANCHI,BSE
KHOOBSURAT,BSE
KHYATI,BSE
KIAASA,BSE
KICL,NSE
KIDUJA,BSE
KIFS,BSE
KILITCH,NSE
KIMIABL,BSE
KIMS,NSE
KINETICENG,BSE
KINETRU,BSE
KINGFA,NSE
KINGSINFR,BSE
KIOCL,NSE
KIRANSY-B,BSE
KIRANVYPAR,NSE
KIRIINDUS,NSE
KIRLFER,NSE
KIRLOSBROS,NSE
KIRLOSENG,NSE
KIRLOSIND,NSE
KIRLPNU,NSE
KISAAN,BSE
KISAN,BSE
KISSHT,NSE
KITEX,NSE
KIZI,BSE
KJMCCORP,BSE
KJMCFIN,BSE
KKALPANAIND,BSE
KKCL,NSE
KKPLASTICK,BSE
KKSHL,BSE
KKSILK,BSE
KLBRENG-B,NSE
KLIFESTYL,BSE
KLRFM,BSE
KMCSHIL,BSE
KMEW,NSE
KMFBLDR,BSE
KMSUGAR,NSE
KNAGRI,NSE
KNRCON,NSE
KOBO,BSE
KOHINOOR,NSE
KOIYAIN,BSE
KOKUYOCMLN,NSE
KOLTEPATIL,NSE
KONNDOR,BSE
KOPRAN,BSE
KOTAKBANK,NSE
KOTARISUG,NSE
KOTHARIPET,NSE
KOTHARIPRO,NSE
KOTIC,NSE
KOTYARK,BSE
KOURA,BSE
KOVAI,NSE
KPEL,NSE
KPGEL,BSE
KPIGREEN,NSE
KPIL,NSE
KPITTECH,NSE
KPL,NSE
KPRMILL,NSE
KPT,BSE
KRANTI,BSE
KRBL,NSE
KREBSBIO,NSE
KREONFIN,BSE
KRETTOSYS,BSE
KRIDHANINF,BSE
KRIFILIND,BSE
KRISHANA,NSE
KRISHIVAL,NSE
KRISHNA,BSE
KRISHNACAP,BSE
KRISHNADEF,NSE
KRITI,BSE
KRITIKA,NSE
KRITINUT,BSE
KRN,BSE
KRONOX,NSE
KROSS,NSE
KRRAIL,BSE
KRSNAA,NSE
KRUPALU,BSE
KRYPTONQ,BSE
KRYSTAL,NSE
KSB,NSE
KSCL,NSE
KSE,BSE
KSHINTL,NSE
KSL,NSE
KSOLVES,NSE
KSR,NSE
KSSMART,BSE
KTIL,BSE
KTKBANK,NSE
KUANTUM,NSE
KUBERJI,BSE
KUNSTOFF,BSE
KUSHIND,BSE
KUWERIN,BSE
KVFORGE,BSE
KVTOYS,BSE
KWIL,NSE
LACTOSE,BSE
LADDERUP,BSE
LADDU,BSE
LAFFANSQ,BSE
LAGNAM,NSE
LAHL,BSE
LAHOTIOV,NSE
LAKESHORE,BSE
LAKHOTIA,BSE
LAKPRE,BSE
LAKSELEC,BSE
LAKSHMIEW,BSE
LAKSHMIMIL,BSE
LAL,NSE
LALPATHLAB,NSE
LAMBODHARA,NSE
LANCER,BSE
LANCORHOL,NSE
LANDMARC,BSE
LANDMARK,NSE
LANDSMILL,NSE
LAOPALA,NSE
LASA,NSE
LASTMILE,BSE
LATENTVIEW,NSE
LATIMMETAL,BSE
LAURUSLABS,NSE
LAXMICOT,NSE
LAXMIDENTL,NSE
LAXMIINDIA,BSE
LAXMIPATI,BSE
LCCINFOTEC,NSE
LEENEE,BSE
LEHAR,BSE
LELAVOIR,BSE
LEMERITE,NSE
LEMONTREE,NSE
LENSKART,NSE
LERTHAI,BSE
LESHAIND,BSE
LESL,BSE
LEXGLOBAL,BSE
LEXORAA,BSE
LEXUS,NSE
LFIC,NSE
LGBBROSLTD,NSE
LGBFORGE,BSE
LGEINDIA,NSE
LGHL,NSE
LGLL,BSE
LGT,BSE
LIBAS,NSE
LIBERTSHOE,NSE
LIBORDFIN,BSE
LICHSGFIN,NSE
LICI,NSE
LIKHAMI,BSE
LIKHITHA,BSE
LIMECHM,BSE
LINC,NSE
LINCOLN,NSE
LINDEINDIA,NSE
LINKPH,BSE
LIOTECH,BSE
LIPPISYS,BSE
LKPSEC,BSE
LLFICL,BSE
LLOYDSENGG,NSE
LLOYDSENT,NSE
LLOYDSME,NSE
LMW,NSE
LODHA,NSE
LOGICA,BSE
LOGICIEL,BSE
LOKESHMACH,BSE
LONGSPUR,BSE
LOOKS,BSE
LORDSCHLO,NSE
LORDSHOTL,BSE
LOTUSCHO,BSE
LOTUSDEV,NSE
LOTUSEYE,NSE
LOVABLE,NSE
LOWVOLIETF,BSE
LOYAL,BSE
LPDC,NSE
LT,NSE
LTELEVATOR,BSE
LTF,NSE
LTFOODS,NSE
LTM,NSE
LTTS,NSE
LUDLOWJUT,BSE
LUMAXIND,NSE
LUMAXTECH,NSE
LUPIN,NSE
LUXIND,NSE
LUXURY,BSE
LWSKNIT,BSE
LXCHEM,NSE
LYKALABS,NSE
LYKISLTD,BSE
LYNMC,BSE
LYONSCO,BSE
LYPSAGEMS,NSE
M&M,NSE
M&MFIN,NSE
MAANALU,NSE
MACHLTD,BSE
MACIND,BSE
MACPLASQ,BSE
MACPOWER,NSE
MADALA,BSE
MADHAV,NSE
MADHAVIPL,NSE
MADHUCON,BSE
MADHUDIN,BSE
MADHUSE,BSE
MADRASFERT,NSE
MAFATIND,NSE
MAFIA,BSE
MAGADSUGAR,NSE
MAGNAELQ,BSE
MAGNUM,NSE
MAGNUS,BSE
MAHABANK,NSE
MAHACORP,BSE
MAHALIFE,BSE
MAHANIN,BSE
MAHAPEXLTD,NSE
MAHASTEEL,NSE
MAHAVEER,BSE
MAHEPC,NSE
MAHLIFE,NSE
MAHLOG,NSE
MAHSCOOTER,NSE
MAHSEAMLES,NSE
MAIDEN,BSE
MAINFRA,BSE
MAITHANALL,NSE
MAITRI,BSE
MAJESAUT,NSE
MAKERSL,BSE
MALLCOM,NSE
MALPANI,BSE
MALUPAPER,NSE
MAMATA,NSE
MANAKALUCO,NSE
MANAKCOAT,NSE
MANAKSIA,NSE
MANAKSTEEL,BSE
MANALIPETC,NSE
MANAPPURAM,NSE
MANBA,NSE
MANBRO,BSE
MANCREDIT,NSE
MANGALAM,NSE
MANGIND,BSE
MANGLMCEM,NSE
MANINDS,NSE
MANINFRA,NSE
MANIVENI,BSE
MANKIND,NSE
MANOJJEWEL,BSE
MANOMAY,NSE
MANORAMA,NSE
MANORG,BSE
MANSIFIN,BSE
MANTRA,BSE
MANUGRAPH,BSE
MANYAVAR,NSE
MAPMYINDIA,NSE
MAPROIN,BSE
MARALOVER,BSE
MARATHON,NSE
MARBLE,BSE
MARBU,BSE
MARCLOIRE,BSE
MARGOFIN,BSE
MARICO,NSE
MARINE,NSE
MARIS,BSE
MARKOLINES,NSE
MARKSANS,NSE
MARSONS,NSE
MARUTI,NSE
MASFIN,NSE
MASTEK,NSE
MASTERTR,NSE
MATRIMONY,NSE
MAWANASUG,BSE
MAXESTATES,NSE
MAXGROW,BSE
MAXHEALTH,NSE
MAXHEIGHTS,BSE
MAXIMUS,BSE
MAXIND,NSE
MAYUR,BSE
MAYURFL,BSE
MAYURUNIQ,NSE
MAZDA,NSE
MAZDOCK,NSE
MBAPL,NSE
MBEL,NSE
MBLINFRA,BSE
MCCHRLS-B,NSE
MCFL,BSE
MCL,NSE
MCLEODRUSS,BSE
MCLOUD,NSE
MCLTD,BSE
MCX,NSE
MDRC,BSE
MDRNSTL,BSE
MEAPL,BSE
MEDANTA,NSE
MEDIAONE,BSE
MEDIASSIST,NSE
MEDICAMEQ,NSE
MEDICAPQ,BSE
MEDICO,NSE
MEDPLUS,NSE
MEERA,BSE
MEESHO,NSE
MEFCOMCAP,BSE
MEGACOR,BSE
MEGAMONT,BSE
MEGASTAR,NSE
MEGRISOFT,BSE
MEHAI,BSE
MEHUL,BSE
MEIL,BSE
MENAMANI,BSE
MENNPIS,NSE
MENONBE,BSE
MEP,BSE
MERCANTILE,NSE
MERCTRD,BSE
MERCURYEV,BSE
META,BSE
METAINFO,BSE
METALCO,BSE
METHODHUB,BSE
METROBRAND,NSE
METROGLOBL,NSE
METROPOLIS,NSE
METSL,BSE
MFLINDIA,BSE
MFML,NSE
MFSINTRCRP,BSE
MFSL,NSE
MGEL,BSE
MGIL,BSE
MGL,NSE
MHLXMIRU,NSE
MHRIL,NSE
MICEL,NSE
MIDEASTP,BSE
MIDHANI,NSE
MIDINDIA,BSE
MIDSELIETF,BSE
MIDWEST,BSE
MIDWESTLTD,NSE
MIIL,BSE
MIL,BSE
MILEFUR,BSE
MILLENNIUM,BSE
MINALIND,BSE
MINAXI,BSE
MINDACORP,NSE
MINDTECK,NSE
MINID,BSE
MINOLTAF,BSE
MIRZAINT,NSE
MISHKA,BSE
MISHTANN,BSE
MITSHI,BSE
MITSU,BSE
MITTAL,NSE
MITTALSTL,BSE
MIVENMACH,BSE
MKEXIM,BSE
MKPL,NSE
MKPMOB,BSE
MKTCREAT,BSE
MKVENTURES,BSE
MLKFOOD,BSE
MMFL,NSE
MMLF,BSE
MMP,NSE
MMRUBBR-B,BSE
MMTC,NSE
MMWL,BSE
MNFL,BSE
MNIL,BSE
MOBAVENUE,BSE
MOBIKWIK,NSE
MODAIRY,BSE
MODINATUR,BSE
MODINSU,BSE
MODIPON,BSE
MODIRUBBER,NSE
MODIS,NSE
MODISONLTD,BSE
MODRNSH,BSE
MODTHREAD,NSE
MODULEX,BSE
MOHITE,BSE
MOHITIND,NSE
MOHITPPR,BSE
MOIL,NSE
MOKSH,NSE
MOL,NSE
MOLDTECH,NSE
MOLDTKPAC,NSE
MON100,BSE
MONARCH,NSE
MONEYBOXX,NSE
MONGIPA,BSE
MONIKA,BSE
MONOT,BSE
MONTECARLO,NSE
MORARJEE,BSE
MORARKFI,BSE
MOREPENLAB,NSE
MORGAN,BSE
MOSCHIP,NSE
MOTHERSON,NSE
MOTILALOFS,NSE
MOTISONS,NSE
MOTOGENFIN,BSE
MPAGI,BSE
MPCOSEMB,BSE
MPDL,BSE
MPHASIS,NSE
MPILCORPL,BSE
MPKSTEELS,BSE
MPL,BSE
MPSLTD,NSE
MRCAGRO,BSE
MRF,NSE
MRP,BSE
MRPL,NSE
MRTX,BSE
MRUTR,BSE
MSAFE,BSE
MSCTC,BSE
MSECL,BSE
MSL,BSE
MSPL,NSE
MSRINDIA,BSE
MSTCLTD,NSE
MSUMI,NSE
MTARTECH,BSE
MTL,BSE
MTNL,NSE
MTPL,BSE
MUDUNURU,BSE
MUFIN,NSE
MUFTI,NSE
MUKANDLTD,NSE
MUKATPIP,BSE
MUKESHB,BSE
MUKKA,NSE
MUKTA,BSE
MUKTAARTS,BSE
MUL,BSE
MULLER,BSE
MULTIBASE,BSE
MUNJALAU,NSE
MUNJALSHOW,NSE
MURUDCERA,NSE
MUTHOOTCAP,NSE
MUTHOOTFIN,NSE
MUTHOOTMF,NSE
MVGJL,NSE
MWL,NSE
MYMONEY,BSE
MYSORPETRO,BSE
MYSTICELE,BSE
NACDAC,BSE
NACLIND,NSE
NAGAFERT,BSE
NAGPI,BSE
NAGREEKCAP,BSE
NAGREEKEXP,NSE
NAGTECH,BSE
NAHARCAP,NSE
NAHARINDUS,NSE
NAHARPOLY,NSE
NAHARSPING,BSE
NAKSH,BSE
NAM,BSE
NAM-INDIA,NSE
NANTA,BSE
NAPEROL,BSE
NAPL,BSE
NARMADA,NSE
NARMP,BSE
NARPROP,BSE
NATCAPSUQ,NSE
NATCOPHARM,NSE
NATFIT,BSE
NATGENI,BSE
NATHBIOGEN,NSE
NATHIND,BSE
NATHUEC,BSE
NATIONALUM,NSE
NATIONSTD,NSE
NATPLAS,BSE
NATPLASTI,BSE
NATPLY,BSE
NATRAJPR,BSE
NATURAL,BSE
NATURO,BSE
NAUKRI,NSE
NAVA,NSE
NAVINFLUOR,NSE
NAVKARCORP,NSE
NAVKARURB,BSE
NAVNETEDUL,NSE
NAZARA,NSE
NBCC,NSE
NBIFIN,NSE
NBL,BSE
NCC,NSE
NCLIND,NSE
NCLRESE,BSE
NCML,BSE
NDASEC,BSE
NDGL,NSE
NDL,NSE
NDLVENTURE,NSE
NDMETAL,BSE
NDRAUTO,NSE
NDTV,NSE
NEAGI,NSE
NECCLTD,NSE
NECLIFE,BSE
NEELKAN,BSE
NEELKANTH,BSE
NEERAJ,BSE
NEETUYOSHI,BSE
NEIL,BSE
NELCAST,NSE
NELCO,NSE
NEOGEN,NSE
NEOINFRA,BSE
NEPHROPLUS,NSE
NEPLOG,BSE
NESCO,NSE
NESTLEIND,NSE
NETLINK,BSE
NETTLINX,BSE
NETWEB,NSE
NETWORK18,NSE
NEUEON,BSE
NEULANDLAB,NSE
NEWGEN,NSE
NEWINFRA,BSE
NEWLIGHT,BSE
NEWMKTAVE,BSE
NEWTRAC,BSE
NEXOME,BSE
NEXTMEDIA,NSE
NEXUSSURGL,BSE
NFL,NSE
NGIL,BSE
NGIND,BSE
NGLFINE,NSE
NH,NSE
NHCFOODS,BSE
NHPC,NSE
NIACL,NSE
NIBE,NSE
NIBL,NSE
NICCOPAR,BSE
NIDHGRN,BSE
NIHARINF,BSE
NIITLTD,NSE
NIITMTS,NSE
NIKHILAD,BSE
NIKKIGL,BSE
NILACHAL,BSE
NILAINFRA,NSE
NILASPACES,NSE
NILE,NSE
NILKAMAL,NSE
NIMBSPROJ,BSE
NINSYS,BSE
NIPPOBATRY,NSE
NIRAJ,BSE
NIRAJISPAT,NSE
NIRAVCOM,BSE
NIRLON,NSE
NISMGMT,BSE
NISUS,BSE
NITCO,NSE
NITINCAST,BSE
NITINSPIN,NSE
NITIRAJ,NSE
NITTAGELA,NSE
NIVABUPA,NSE
NIVAKA,BSE
NIYOGIN,BSE
NKIND,NSE
NLCINDIA,NSE
NLFL,BSE
NMDC,NSE
NMSGLOBAL,BSE
NOBPOL,BSE
NOCIL,NSE
NOIDATOLL,BSE
NOL,BSE
NORBTEAEXP,NSE
NORRIS,BSE
NORTHARC,NSE
NOUVEAU,BSE
NOVAAGRI,BSE
NOVARTIND,NSE
NOVELIX,BSE
NOVIS,BSE
NOVUS,BSE
NPL,BSE
NPRFIN,BSE
NPST,NSE
NRAIL,NSE
NRBBEARING,NSE
NSDL,BSE
NSIL,NSE
NSL,BSE
NSLNISP,NSE
NTCIND,BSE
NTPC,NSE
NTPCGREEN,NSE
NUCLEUS,NSE
NUKLEUS,BSE
NURECA,NSE
NUTECGLOB,BSE
NUTRICIRCLE,BSE
NUVAMA,NSE
NUVOCO,NSE
NVENTURES,BSE
NWIL,BSE
NYKAA,NSE
NYSSACORP,BSE
OAL,NSE
OASISEC,BSE
OBCL,NSE
OBEROIRLTY,NSE
OCCLLTD,BSE
OCEANIC,BSE
OCTAVE,BSE
ODIGMA,BSE
ODYCORP,BSE
ODYSSEY,BSE
OFSS,NSE
OIL,NSE
OILCOUNTUB,BSE
OIVL,BSE
OKPLA,BSE
OLAELEC,NSE
OLATECH,BSE
OLECTRA,NSE
OLPCL,BSE
OLYMPTX,BSE
OLYOI,BSE
OMANSH,BSE
OMAXAUTO,BSE
OMAXE,NSE
OMEAG,BSE
OMEGAIN,BSE
OMFREIGHT,NSE
OMINFRAL,NSE
OMKAR,BSE
OMKARPH,BSE
OML,BSE
OMNI,NSE
OMNIAX,BSE
OMNIPOTENT,BSE
OMNITEX,BSE
OMPOWER,NSE
ONEGLOBAL,BSE
ONELIFECAP,BSE
ONEPOINT,NSE
ONESOURCE,NSE
ONGC,NSE
ONIDA,BSE
ONIXSOLAR,BSE
ONMOBILE,NSE
ONTIC,BSE
ONWARDTEC,NSE
OONE,BSE
OPTIEMUS,NSE
OPTIFIN,BSE
ORBTEXP,BSE
ORCHASP,NSE
ORCHPHARMA,NSE
ORGANICREC,BSE
ORGCOAT,BSE
ORIBEVER,BSE
ORICONENT,NSE
ORIENTALTL,NSE
ORIENTBELL,NSE
ORIENTCEM,NSE
ORIENTCER,NSE
ORIENTELEC,NSE
ORIENTHOT,NSE
ORIENTLTD,NSE
ORIENTPPR,NSE
ORIENTTECH,NSE
ORIENTTR,BSE
ORIRAIL,BSE
ORISSAMINE,NSE
ORKLAINDIA,NSE
OROSMITHS,BSE
ORTEL,BSE
ORTINGLOBE,BSE
OSCARGLO,BSE
OSIAJEE,BSE
OSWALAGRO,BSE
OSWALGREEN,NSE
OSWALPUMPS,NSE
OSWALSEEDS,NSE
OSWAYRN,BSE
OTCO,BSE
OVOBELE,BSE
OXFORDIN,BSE
OXYGENTAPH,BSE
PACE,BSE
PACEDIGITK,NSE
PACIFICI,BSE
PADAMCO,BSE
PADMAIND,BSE
PADMALAYAT,BSE
PAGEIND,NSE
PAISALO,NSE
PAJSON,BSE
PAKKA,NSE
PALASHSECU,NSE
PALCO,BSE
PALMJEWELS,BSE
PALREDTEC,BSE
PANABYTE,BSE
PANACEABIO,NSE
PANACHE,NSE
PANAENERG,BSE
PANAFIC,BSE
PANAMAPET,NSE
PANCARBON,BSE
PANCHMAHQ,BSE
PANCHSHEEL,BSE
PANCM,BSE
PANELEC,BSE
PANINDIAC,BSE
PANJON,BSE
PANKAJPO,BSE
PANORAMA,BSE
PANSARI,NSE
PANTH,BSE
PAR,NSE
PARACABLES,NSE
PARADEEP,NSE
PARAGMILK,NSE
PARAGONF,BSE
PARAS,NSE
PARASPETRO,NSE
PARKERAC,BSE
PARKHOSPS,NSE
PARKHOTELS,NSE
PARLEIND,BSE
PARMAX,BSE
PARMESHWAR,BSE
PARMSILK,BSE
PARNAXLAB,BSE
PARSHWANA,BSE
PARSVNATH,BSE
PARVATI,BSE
PASARI,BSE
PASHUPATI,NSE
PASUFIN,BSE
PASUPTAC,BSE
PATANJALI,NSE
PATELCHEM,BSE
PATELENG,NSE
PATELRMART,NSE
PATELSAI,BSE
PATIDAR,BSE
PATINTLOG,BSE
PATRON,BSE
PATSPINLTD,BSE
PAUSHAKLTD,NSE
PAVNAIND,BSE
PAYTM,NSE
PBAINFRA,BSE
PBMPOLY,BSE
PCBL,NSE
PCCOSMA,BSE
PCJEWELLER,NSE
PCS,BSE
PDMJEPAPER,NSE
PDSL,NSE
PEARLPOLY,BSE
PEETISEC,BSE
PEIL,BSE
PENIND,NSE
PENINLAND,BSE
PERFEPA,BSE
PERMAGN,BSE
PERSISTENT,NSE
PERVASIVE,BSE
PESB,BSE
PETRONET,NSE
PFC,NSE
PFIZER,NSE
PFL,BSE
PFLINFOTC,BSE
PFOCUS,BSE
PFS,NSE
PGCRL,BSE
PGEL,NSE
PGFOILQ,BSE
PGHH,NSE
PGHL,NSE
PGIL,NSE
PHARMAID,BSE
PHCAP,BSE
PHOENIXLTD,NSE
PHOENXINTL,BSE
PHOSPHATE,BSE
PHOTON,BSE
PHOTOQUP,BSE
PHRMASI,BSE
PHYTO,BSE
PICCADIL,NSE
PICCASUG,BSE
PIDILITIND,NSE
PIGL,NSE
PIIND,NSE
PILANIINVS,NSE
PILITA,BSE
PINELABS,NSE
PIONEEREMB,NSE
PIONRINV,NSE
PIRAMALFIN,NSE
PITTIENG,NSE
PIXTRANS,NSE
PJL,BSE
PKTEA,NSE
PLASTIBLEN,NSE
PLATIND,NSE
PLAZACABLE,BSE
PMCFIN,BSE
PML,NSE
PMTELELIN,BSE
PNB,NSE
PNBGILTS,NSE
PNBHOUSING,NSE
PNC,NSE
PNCINFRA,NSE
PNGJL,NSE
PNGSREVA,NSE
PNTKYOR,BSE
POCL,NSE
PODDARMENT,NSE
POEL,BSE
POKARNA,NSE
POLICYBZR,NSE
POLSON,BSE
POLYCAB,NSE
POLYCHEM,BSE
POLYCHMP,BSE
POLYLINK,BSE
POLYMED,NSE
POLYPLEX,NSE
POLYSPIN,BSE
POLYTEX,BSE
PONNIERODE,NSE
POOJA,BSE
POOJAENT,BSE
POONADAL,BSE
POONAWALLA,NSE
POPEES,BSE
POPULARES,BSE
PORWAL,BSE
POWERGRID,NSE
POWERICA,NSE
POWERINDIA,NSE
POWERMECH,NSE
PPAP,NSE
PPARIVAH,BSE
PPL,NSE
PPLPHARMA,NSE
PQIF,BSE
PRABHA,NSE
PRABHATAM,BSE
PRABHHANS,BSE
PRADPME,NSE
PRAENG,NSE
PRAGBOS,BSE
PRAJIND,NSE
PRAKASH,NSE
PRAKASHSTL,NSE
PRARUH,BSE
PRATIK,BSE
PRATIKSH,BSE
PRAVEG,NSE
PRAXIS,BSE
PRECAM,NSE
PRECISIO,BSE
PRECOT,NSE
PRECWIRE,NSE
PREMCAP,BSE
PREMCAPM,BSE
PREMCO,NSE
PREMEXPLN,NSE
PREMIER,BSE
PREMIERENE,NSE
PREMIERPOL,BSE
PREMSYN,BSE
PRERINFRA,BSE
PRESTIGE,NSE
PREVEST,BSE
PRICOLLTD,NSE
PRIMAGR,BSE
PRIMAIN,BSE
PRIMAPLA,BSE
PRIMECAPM,BSE
PRIMEFRESH,BSE
PRIMEPRO,BSE
PRIMESECU,NSE
PRIMEURB,BSE
PRIMIND,BSE
PRIMO,NSE
PRINCEPIPE,NSE
PRISMMEDI,BSE
PRISMX,BSE
PRITHVIEXCH,BSE
PRITIKAUTO,BSE
PRIVISCL,NSE
PRIYALT,BSE
PROCLB,BSE
PROFINC,BSE
PROGREXV,BSE
PROMAX,BSE
PROSTARM,NSE
PROTEAN,NSE
PROZONER,NSE
PRSMJOHNSN,NSE
PRSNTIN,BSE
PRUDENT,NSE
PRUDMOULI,BSE
PSB,NSE
PSITINFRA,BSE
PSPPROJECT,NSE
PTC,NSE
PTCIL,NSE
PTL,NSE
PULSRIN,BSE
PUNJABCHEM,NSE
PUNJCOMMU,BSE
PURETROP,BSE
PUROHITCON,BSE
PURPLE,BSE
PURPLEFIN,BSE
PURPLEWAVE,BSE
PURSHOTTAM,BSE
PURVA,NSE
PVP,NSE
PVRINOX,NSE
PVSL,NSE
PVVINFRA,BSE
PWASML,BSE
PWL,NSE
PYRAMID,NSE
QGO,BSE
QLL,BSE
QMSMEDI,NSE
QPOWER,BSE
QUADFUTURE,NSE
QUADRANT,BSE
QUANTDIA,BSE
QUESS,NSE
QUESTCAP,BSE
QUESTFLOW,BSE
QUICKHEAL,BSE
QUINT,NSE
QUINTEGRA,BSE
RACE,BSE
RACHIT,BSE
RACLGEAR,NSE
RACONTEUR,BSE
RADAAN,NSE
RADHEDE,BSE
RADHIKAJWE,NSE
RADIANTCMS,NSE
RADICO,NSE
RADIOCITY,NSE
RADIXIND,BSE
RAGHUNAT,BSE
RAGHUSYN,BSE
RAGHUTOB,BSE
RAILTEL,NSE
RAIN,NSE
RAINBOW,NSE
RAINBOWF,BSE
RAJABAH,BSE
RAJESH,BSE
RAJESHEXPO,BSE
RAJINFRA,BSE
RAJKOTINV,BSE
RAJKSYN,BSE
RAJMET,NSE
RAJNISH,BSE
RAJOOENG,NSE
RAJPACK,BSE
RAJPALAYAM,NSE
RAJPUTANA,BSE
RAJRATAN,NSE
RAJRILTD,BSE
RAJSEC,BSE
RAJSREESUG,NSE
RAJTUBE,BSE
RAJTV,NSE
RAJVIR,BSE
RAL,BSE
RALEGRA,BSE
RALLIS,NSE
RAMANEWS,NSE
RAMAPETRO,BSE
RAMAPHO,NSE
RAMAPPR-B,BSE
RAMASTEEL,BSE
RAMAVISION,BSE
RAMCOCEM,NSE
RAMCOIND,NSE
RAMCOSYS,NSE
RAMGOPOLY,BSE
RAMINFO,BSE
RAMKY,NSE
RAMRAT,NSE
RAMSONS,BSE
RANASUG,NSE
RANDER,BSE
RANEHOLDIN,NSE
RANJITSE,BSE
RAP,BSE
RAPICUT,BSE
RAPIDIN,BSE
RASANDIK,BSE
RASIELEC,BSE
RASRESOR,BSE
RASSIREF,BSE
RATEGAIN,NSE
RATHIBAR,BSE
RATHIST,BSE
RATNABHUMI,BSE
RATNAMANI,NSE
RATNAVEER,NSE
RAUNAQ,BSE
RAVALSUGAR,BSE
RAWEDGE,BSE
RAYALEMA,BSE
RAYMOND,NSE
RAYMONDLSL,NSE
RAYMONDREL,NSE
RBA,NSE
RBLBANK,NSE
RBZJEWEL,NSE
RCAN,BSE
RCCL,BSE
RCF,NSE
RCL,BSE
RCOM,BSE
RDBIPL,BSE
RDBRL,BSE
RDEL,BSE
RDGAIL,BSE
REALECO,BSE
RECLTD,NSE
RECODE,BSE
REDINGTON,NSE
REDTAPE,NSE
REFEX,NSE
REFEXRENEW,BSE
REGAAL,BSE
REGAL,BSE
REGANTO,BSE
REGENCERAM,NSE
REGENCY,BSE
REGENTRP,BSE
REGIS,BSE
RELAXO,NSE
RELCHEMQ,NSE
RELIABLE,NSE
RELIABVEN,BSE
RELIANCE,NSE
RELICAB,BSE
RELIGARE,NSE
RELINFRA,BSE
RELTD,NSE
REMIEDEL,BSE
REMSONSIND,NSE
RENUKA,NSE
REPCOHOME,NSE
REPONO,BSE
REPRO,NSE
RESGEN,BSE
RESONANCE,BSE
RESPONIND,NSE
RESPONSINF,BSE
RESTILE,BSE
RETAGGIO,BSE
RETAIL,NSE
RETINA,BSE
REXNORD,BSE
RFIL,BSE
RFL,BSE
RFLL,BSE
RFSL,BSE
RGF,BSE
RGIL,BSE
RGL,NSE
RGRL,BSE
RHETAN,NSE
RHFL,BSE
RHIM,NSE
RHL,NSE
RIBATEX,BSE
RICHUNV,BSE
RICOAUTO,NSE
RIDDHI,BSE
RIDDHICORP,BSE
RIIL,NSE
RIKHAV,BSE
RIR,BSE
RISAINTL,BSE
RISHABH,NSE
RISHDIGA,BSE
RISHILASE,BSE
RISHIROOP,BSE
RISHITECH,BSE
RITCO,NSE
RITES,NSE
RITESHIN,BSE
RKDAGRRTL,BSE
RKDL,NSE
RKEC,NSE
RKFORGE,NSE
RKSWAMY,NSE
RLF,BSE
RLFL,BSE
RMC,NSE
RMDRIP,NSE
RML,NSE
RNBDENIMS,NSE
RNITAI,BSE
ROBU,BSE
RODIUM,BSE
ROHLTD,NSE
ROJL,BSE
ROLEXRINGS,NSE
ROLLT,BSE
ROML,NSE
ROOPAIND,BSE
ROSELABS,BSE
ROSEMER,BSE
ROSSARI,NSE
ROSSELLIND,NSE
ROSSTECH,NSE
ROTO,NSE
ROUTE,NSE
ROYAL,BSE
ROYALCU,BSE
ROYALIND,BSE
RPEL,NSE
RPGLIFE,NSE
RPOWER,NSE
RPPINFRA,NSE
RPPL,NSE
RPSGVENT,NSE
RPTECH,NSE
RRECL,BSE
RRETAIL,BSE
RRFIN,BSE
RRIL,NSE
RRKABEL,NSE
RRMETAL,BSE
RRPDEFENSE,BSE
RSCINT,BSE
RSDFIN,NSE
RSL,NSE
RSSOFTWARE,BSE
RSTL,BSE
RSWM,BSE
RSYSTEMS,NSE
RTFL,BSE
RTNINDIA,NSE
RTNPOWER,NSE
RTSPOWR,BSE
RUBFILA,NSE
RUBICON,NSE
RUBYMILLS,BSE
RUCHINFRA,NSE
RUCHIRA,NSE
RUDRA,BSE
RUDRAECO,BSE
RUNGTAIR,BSE
RUPA,NSE
RUSHIL,NSE
RUSTOMJEE,NSE
RVHL,NSE
RVNL,NSE
RVTH,NSE
S&SPOWER,NSE
SAATVIKGL,NSE
SAB,BSE
SABEVENTS,BSE
SABOOSOD,BSE
SACHEMT,BSE
SADBHAV,NSE
SADBHIN,BSE
SADHNANIQ,BSE
SAENTER,BSE
SAFARI,NSE
SAFE,BSE
SAFECURE,BSE
SAFFRON,BSE
SAGARDEEP,NSE
SAGARSOFT,BSE
SAGCEM,NSE
SAGILITY,NSE
SAHARAHOUS,BSE
SAHLIBHFI,NSE
SAHYADRI,NSE
SAICAPI,BSE
SAICOM,BSE
SAIL,NSE
SAILIFE,NSE
SAINIK,BSE
SAIPARENT,NSE
SAKAR,NSE
SAKHTISUG,NSE
SAKSOFT,NSE
SAKTHIFIN,BSE
SAKUMA,BSE
SALASAR,NSE
SALAUTO,BSE
SALEM,BSE
SALONA,NSE
SALORAINTL,BSE
SALSAIN,BSE
SALSTEEL,BSE
SALZERELEC,NSE
SAMBANDAM,BSE
SAMBHAAV,NSE
SAMBHV,NSE
SAMHI,NSE
SAMINDUS,BSE
SAMKRG,BSE
SAMMAANCAP,NSE
SAMOR,BSE
SAMPANN,NSE
SAMPAT,BSE
SAMPRE,BSE
SAMRATFORG,BSE
SAMRATPH,BSE
SAMSRITA,BSE
SAMTELIN,BSE
SAMTEX,BSE
SAMYAKINT,BSE
SANATHAN,NSE
SANCODE,BSE
SANCTRN,BSE
SANDESH,NSE
SANDHAR,NSE
SANDUMA,NSE
SANDUPHQ,BSE
SANGAMFIN,BSE
SANGAMIND,NSE
SANGHVIMOV,NSE
SANINFRA,BSE
SANJIVIN,BSE
SANOFI,NSE
SANOFICONR,NSE
SANPA,BSE
SANSERA,NSE
SANSTAR,NSE
SANTETX,BSE
SANWARIA,BSE
SAPL,BSE
SAPPHIRE,NSE
SAPPL,NSE
SARDAEN,NSE
SAREGAMA,NSE
SARLAPOLY,NSE
SARTHAKGL,BSE
SARTHAKIND,BSE
SARUPINDUS,BSE
SARVESHWAR,BSE
SARVOTTAM,BSE
SASKEN,NSE
SATANIBRG,BSE
SATCH,BSE
SATIA,NSE
SATIN,NSE
SATTRIX,BSE
SATTVASUKU,BSE
SAURASHCEM,NSE
SAVERA,BSE
SAWACA,BSE
SAYAJIHOTL,NSE
SAYAJIIND,BSE
SBC,NSE
SBCL,NSE
SBECSUG,BSE
SBECSYS,BSE
SBFC,NSE
SBFL,BSE
SBGLP,NSE
SBICARD,NSE
SBILIFE,NSE
SBIN,NSE
SBL,BSE
SBLI,BSE
SBVCL,BSE
SCAGRO,BSE
SCANPRO,BSE
SCANSTL,NSE
SCBL,BSE
SCC,BSE
SCDL,BSE
SCHAEFFLER,NSE
SCHAND,NSE
SCHNEIDER,NSE
SCI,NSE
SCILAL,NSE
SCODATUBES,NSE
SCOOBEEDAY,BSE
SCPL,NSE
SCTL,BSE
SDBL,NSE
SDL,BSE
SEALMATIC,BSE
SEAMECLTD,NSE
SEASONST,BSE
SECMARK,NSE
SECURKLOUD,NSE
SEDEMAC,NSE
SEIL,NSE
SEJALLTD,BSE
SEKURITIND,BSE
SELECTRIC,BSE
SELMC,NSE
SEMAC,BSE
SEML,BSE
SENCO,NSE
SENINFO,BSE
SENORES,NSE
SENSEXIETF,BSE
SEPC,NSE
SERA,BSE
SERVOTECH,NSE
SESHACHAL,BSE
SESHAPAPER,NSE
SETCO,BSE
SETL,NSE
SETUINFRA,BSE
SEVL,BSE
SEYAIND,BSE
SFL,NSE
SFPIL,BSE
SGFIN,NSE
SGFRL,BSE
SGIL,NSE
SGL,NSE
SGLRES,BSE
SGMART,NSE
SGNTE,BSE
SGRL,BSE
SHADOWFAX,NSE
SHAH,NSE
SHAHALLOYS,NSE
SHAHFOOD,BSE
SHAHISHIP,BSE
SHAHLON,BSE
SHAILY,NSE
SHAKTIPR,BSE
SHAKTIPUMP,NSE
SHALBY,NSE
SHALIWIR,BSE
SHALPAINTS,NSE
SHALPRO,BSE
SHAMROIN,BSE
SHANGAR,BSE
SHANKARA,BSE
SHANMUGA,BSE
SHANTAI,BSE
SHANTI,NSE
SHANTIGEAR,NSE
SHANTIGOLD,NSE
SHANTIGURU,BSE
SHAQUAK,BSE
SHARDACROP,NSE
SHARDAMOTR,NSE
SHARDUL,NSE
SHAREINDIA,NSE
SHARIKA,BSE
SHARMEH,BSE
SHARP,BSE
SHARPINV,BSE
SHARPLINE,BSE
SHARVAYA,BSE
SHASHIJIT,BSE
SHAWGELTIN,BSE
SHBAJRG,NSE
SHEKHAWATI,BSE
SHELTER,BSE
SHEMAROO,BSE
SHERVANI,BSE
SHESHAINDS,BSE
SHETR,BSE
SHGANEL,BSE
SHHARICH,BSE
SHILCTECH,NSE
SHILGRAVQ,BSE
SHILINDORE,BSE
SHILPAMED,NSE
SHINDL,NSE
SHINEFASH,BSE
SHIPWAVES,BSE
SHISHIND,BSE
SHIVA,BSE
SHIVAAGRO,BSE
SHIVACEM,BSE
SHIVAGR,BSE
SHIVALIK,BSE
SHIVAM,BSE
SHIVAMAUTO,BSE
SHIVAMILLS,BSE
SHIVATEX,NSE
SHIVAUM,NSE
SHIVTEXCHEM,BSE
SHK,NSE
SHKARTP,BSE
SHLOKKA,BSE
SHOORA,BSE
SHOPERSTOP,NSE
SHPLPUNE,BSE
SHRAAITECH,BSE
SHRADDHA,BSE
SHRADHA,NSE
SHRDAIS,BSE
SHREDIGCEM,NSE
SHREECEM,NSE
SHREEGANES,BSE
SHREEJISPG,NSE
SHREEPAC,BSE
SHREEPUSHK,NSE
SHREERAMA,NSE
SHREEREF,BSE
SHREESEC,BSE
SHREMETAL,BSE
SHREYANIND,NSE
SHREYASI,BSE
SHRICON,BSE
SHRIDINE,BSE
SHRIGANG,BSE
SHRIKRISH,NSE
SHRINGARMS,NSE
SHRINIWAS,BSE
SHRIPISTON,NSE
SHRIRAMFIN,NSE
SHRIRAMPPS,NSE
SHRISTI,BSE
SHRJAGP,BSE
SHRYDUS,BSE
SHTL,BSE
SHUBHAM,BSE
SHUKRAPHAR,BSE
SHYAMCENT,NSE
SHYAMMETL,NSE
SHYAMTEL,BSE
SHYMINV,BSE
SIBARAUT,BSE
SICAGEN,NSE
SICALLOG,BSE
SICAPIT,BSE
SIDDHA,BSE
SIDDHEGA,BSE
SIEL,BSE
SIEMENS,NSE
SIGACHI,BSE
SIGIND,NSE
SIGMA,NSE
SIGMAADV,BSE
SIGNATURE,NSE
SIGNPOST,NSE
SIIL,BSE
SIKA,NSE
SIKKO,NSE
SIKOZY,BSE
SIL,NSE
SILGO,NSE
SILINV,NSE
SILLYMONKS,NSE
SILVERO,BSE
SILVERPRL,BSE
SILVERTUC,NSE
SILVOAK,BSE
SIMANDHAR,BSE
SIMBHALS,BSE
SIMMOND,BSE
SIMPLEXCAS,BSE
SIMPLEXINF,NSE
SIMPLXPAP,BSE
SIMPLXREA,BSE
SIMRAN,BSE
SINCLAIR,NSE
SINDHUTRAD,NSE
SINGERIND,NSE
SINNAR,BSE
SINTERCOM,NSE
SIPL,BSE
SIRCA,NSE
SIS,NSE
SITAENT,BSE
SITINET,BSE
SIYARAM,BSE
SIYSIL,NSE
SIZEMASTER,BSE
SJCORP,BSE
SJS,NSE
SJVN,NSE
SKCIL,BSE
SKFINDIA,NSE
SKFINDUS,NSE
SKIL,BSE
SKIPPER,NSE
SKM,BSE
SKMEGGPROD,NSE
SKPMIL,BSE
SKPSEC,BSE
SKRABUL,BSE
SKYBIOTECH,BSE
SKYGOLD,NSE
SKYIND,BSE
SKYLMILAR,BSE
SLSTLQ,BSE
SMARTFIN,BSE
SMARTLINK,BSE
SMARTWORKS,NSE
SMCGLOBAL,NSE
SMFIL,BSE
SMGOLD,BSE
SML,BSE
SMLMAH,NSE
SMLT,NSE
SMR,BSE
SMRUTHIORG,BSE
SMSPHARMA,NSE
SMTEL,BSE
SNIM,BSE
SNL,BSE
SNOWMAN,NSE
SOBHA,NSE
SOBME,BSE
SODHACAP,BSE
SOFCOM,BSE
SOFTRAKV,BSE
SOFTTECH,BSE
SOLARA,NSE
SOLARINDS,NSE
SOLARIUM,BSE
SOLARWORLD,NSE
SOLEX,NSE
SOLIDSTON,BSE
SOLIMAC,BSE
SOLVEX,BSE
SOMANYCERA,NSE
SOMATEX,NSE
SOMICONVEY,NSE
SONACOMS,NSE
SONAL,NSE
SONALAD,BSE
SONALIS,BSE
SONAMLTD,NSE
SONATSOFTW,NSE
SOTL,NSE
SOURCENTRL,BSE
SOUTHBANK,NSE
SOUTHERNIN,BSE
SOUTHMG,BSE
SOUTHWEST,NSE
SOUTLAT,BSE
SOVERDIA,BSE
SPACAPS,BSE
SPACEINCUBA,BSE
SPAL,NSE
SPANDANA,NSE
SPAR,BSE
SPARC,NSE
SPARKLEGR,BSE
SPCAPIT,BSE
SPCENET,NSE
SPECFOOD,BSE
SPECIALITY,NSE
SPECTRA,BSE
SPECTRUM,NSE
SPELS,BSE
SPENCERS,NSE
SPENTA,BSE
SPIC,NSE
SPICEISLIN,BSE
SPICEJET,BSE
SPICELOUNG,BSE
SPITZE,BSE
SPL,BSE
SPLIL,NSE
SPLPETRO,NSE
SPML,BSE
SPMLINFRA,NSE
SPORTKING,NSE
SPRAYKING,BSE
SPRIGHT,BSE
SPSL,BSE
SPTRSHI,BSE
SRAMSET,BSE
SRD,NSE
SRDAPRT,BSE
SREEL,NSE
SRESTHA,BSE
SRF,NSE
SRGHFL,NSE
SRHHYPOLTD,NSE
SRICC,BSE
SRIGEE,BSE
SRIKPRIND,BSE
SRINACHA,BSE
SRM,NSE
SRMCL,BSE
SRMENERGY,BSE
SRSOLTD,BSE
SRTL,NSE
SRUSTEELS,BSE
SSDL,NSE
SSL,BSE
SSMD,BSE
SSPDL,BSE
SSPNFIN,BSE
SSTL,BSE
SSWL,NSE
SSWRL,BSE
STAL,BSE
STALLION,NSE
STANCAP,BSE
STANLEY,NSE
STANPACK,BSE
STANROS,BSE
STAR,NSE
STARCEMENT,NSE
STARDELTA,BSE
STARHEALTH,NSE
STARHFL,BSE
STARIMAGIN,BSE
STARLENT,BSE
STARLOG,BSE
STARPAPER,NSE
STARSOURCE,BSE
STARTECK,NSE
STCINDIA,NSE
STCORP,BSE
STDBAT,BSE
STDSFAC,BSE
STEELCAS,NSE
STEELCITY,NSE
STEELCO,BSE
STEELXIND,NSE
STEL,NSE
STELLANT,BSE
STEP2COR,BSE
STERPOW,BSE
STERTOOLS,BSE
STHINPA,BSE
STL,BSE
STLNETWORK,BSE
STLSTRINF,BSE
STLTECH,BSE
STOVACQ,BSE
STOVEKRAFT,NSE
STRATMONT,BSE
STRGRENWO,BSE
STUDDS,NSE
STURDY,BSE
STYL,NSE
STYLAMIND,NSE
STYLEBAAZA,BSE
STYRENIX,NSE
SUBAM,BSE
SUBEXLTD,BSE
SUBROS,NSE
SUCROSA,BSE
SUDAI,BSE
SUDARCOLOR,NSE
SUDARSCHEM,NSE
SUDARSHAN,BSE
SUDEEPPHRM,NSE
SUDTIND-B,BSE
SUGALDAM,BSE
SUGSLLOYD,BSE
SUJALA,BSE
SUKHJITS,NSE
SULA,NSE
SULABEN,BSE
SUMEDHA,BSE
SUMEETINDS,NSE
SUMERUIND,BSE
SUMICHEM,NSE
SUMMITSEC,NSE
SUNCITYSY,BSE
SUNCLAY,NSE
SUNDARAM,NSE
SUNDARMFIN,NSE
SUNDRMBRAK,BSE
SUNDRMFAST,NSE
SUNDROP,NSE
SUNFLAG,NSE
SUNGOLD,BSE
SUNITATOOL,BSE
SUNLOC,BSE
SUNPHARMA,NSE
SUNRAJDI,BSE
SUNRAKSHAK,BSE
SUNRETAIL,BSE
SUNSHIEL,BSE
SUNSKY,BSE
SUNTECK,NSE
SUNTV,NSE
SUPER,BSE
SUPERBAK,BSE
SUPERHOUSE,NSE
SUPERIOR,BSE
SUPERIRON,BSE
SUPERSPIN,BSE
SUPERTEX,BSE
SUPHA,BSE
SUPRAJIT,NSE
SUPRAPFSL,BSE
SUPRATRE,BSE
SUPREME,NSE
SUPREMEIND,NSE
SUPREMEINF,NSE
SUPRIYA,NSE
SUPTANERY,BSE
SURAJ,BSE
SURAJEST,NSE
SURAJLTD,NSE
SURAKSHA,NSE
SURANASOL,NSE
SURANAT&P,NSE
SURATRAML,BSE
SURBHIN,BSE
SURFI,BSE
SURJIND,BSE
SURYAAMBA,BSE
SURYALA,NSE
SURYALAXMI,NSE
SURYAROSNI,NSE
SURYODAY,NSE
SURYVANSP,BSE
SUSAN,BSE
SUTLEJTEX,NSE
SUVEN,NSE
SUVIDHAA,NSE
SUYOG,NSE
SUZLON,NSE
SVAMSOF,BSE
SVARTCORP,BSE
SVCIND,BSE
SVGLOBAL,BSE
SVJ,BSE
SVRL,BSE
SVS,BSE
SW1,BSE
SWADEIN,BSE
SWADHATURE,BSE
SWADPOL,BSE
SWAGTAM,BSE
SWANCORP,NSE
SWANDEF,BSE
SWARAJENG,NSE
SWARNSAR,BSE
SWASTH,BSE
SWASTIKA,BSE
SWASTIKAAL,BSE
SWASTIVI,BSE
SWATIPRO,BSE
SWELECTES,NSE
SWIGGY,NSE
SWISSMLTRY,BSE
SWITCHTE,BSE
SWOJAS,BSE
SWRNASE,BSE
SWSOLAR,NSE
SYLPH,BSE
SYMBIOX,BSE
SYMPHONY,NSE
SYNCOMF,NSE
SYNGENE,NSE
SYRMA,NSE
SYSCHEM,BSE
SYSTEMATIC,BSE
SYSTMTXC,BSE
SYTIXSE,BSE
TAALTECH,NSE
TACENT,BSE
TAHMARENT,BSE
TAINWALCHM,NSE
TAJGVK,NSE
TAKE,BSE
TAKYON,BSE
TALBROAUTO,NSE
TALBROSENG,BSE
TAMBOLIIN,NSE
TANAA,BSE
TANDHANIN,BSE
TANFACIND,BSE
TANLA,NSE
TARACHAND,NSE
TARAI,BSE
TARAPUR,NSE
TARC,NSE
TARIL,NSE
TARINI,BSE
TARMAT,NSE
TARSONS,NSE
TASTYBITE,NSE
TATACAP,NSE
TATACHEM,NSE
TATACOMM,NSE
TATACONSUM,NSE
TATAELXSI,NSE
TATAINVEST,NSE
TATAPOWER,NSE
TATASTEEL,NSE
TATATECH,NSE
TATIAGLOB,BSE
TATVA,NSE
TBOTEK,NSE
TBZ,NSE
TCC,NSE
TCFCFINQ,BSE
TCI,NSE
TCIEXP,NSE
TCIFINANCE,BSE
TCIIND,BSE
TCMLMTD,BSE
TCPLPACK,NSE
TCS,NSE
TDPOWERSYS,NSE
TDSL,BSE
TEAM24,BSE
TEAMGTY,NSE
TEAMLEASE,NSE
TECHKGREEN,BSE
TECHM,NSE
TECHNOE,NSE
TECHNOPACK,BSE
TECHNVISN,NSE
TECILCHEM,NSE
TEEAI,BSE
TEGA,NSE
TEJASNET,NSE
TEJASSVI,BSE
TEJNAKSH,BSE
TELECANOR,BSE
TELGE,BSE
TELOGICA,BSE
TEMBO,NSE
TENNIND,NSE
TERAI,BSE
TERASOFT,NSE
TEXELIN,BSE
TEXINFRA,NSE
TEXMOPIPES,NSE
TEXRAIL,NSE
TFCILTD,NSE
TFL,NSE
TFSL,BSE
TGBHOTELS,NSE
TGIF,BSE
TGVSL,BSE
THAKDEV,NSE
THAKRAL,BSE
THANGAMAYL,NSE
THEINVEST,NSE
THEJO,NSE
THELEELA,NSE
THEMISMED,NSE
THERMAX,NSE
THINKINK,BSE
THOMASCOOK,NSE
THOMASCOTT,NSE
THREEMPAPE,BSE
THRIVE,BSE
THYROCARE,NSE
TI,NSE
TICL,NSE
TIERRA,BSE
TIGERLOGS,BSE
TIGLOB,BSE
TIHIL,BSE
TIIL,NSE
TIINDIA,NSE
TIJARIA,NSE
TIL,NSE
TILAK,BSE
TIMESGREEN,BSE
TIMETECHNO,NSE
TIMEX,NSE
TIMKEN,NSE
TINNARUBR,NSE
TIPCO,BSE
TIPSFILMS,NSE
TIPSMUSIC,NSE
TIRSARJ,BSE
TIRTPLS,BSE
TIRUMALCHM,NSE
TIRUPATIFL,NSE
TIRUPATIIN,BSE
TIRUSTA,BSE
TITAANIUM,BSE
TITAGARH,NSE
TITAN,NSE
TITANBIO,BSE
TITANIN,BSE
TITANSEC,BSE
TLL,BSE
TMB,NSE
TMCV,NSE
TMPV,NSE
TNPETRO,NSE
TNPL,NSE
TNTELE,NSE
TOKYOFIN,BSE
TOKYOPLAST,BSE
TOLINS,NSE
TORNTPHARM,NSE
TORNTPOWER,NSE
TOTAL,NSE
TOTEM,BSE
TOUCHWOOD,NSE
TOYAMSL,BSE
TPHQ,NSE
TPINDIA,BSE
TPLPLASTEH,NSE
TPROJECT,BSE
TRABI,BSE
TRACXN,NSE
TRADEUNO,BSE
TRADWIN,BSE
TRANSCHEM,BSE
TRANSCOR,BSE
TRANSFD,BSE
TRANSFRE,BSE
TRANSPACT,BSE
TRANSPEK,NSE
TRANSRAILL,NSE
TRANSWORLD,BSE
TRAVELFOOD,NSE
TRAVELS,BSE
TREEHOUSE,NSE
TREJHARA,NSE
TREL,NSE
TRENT,NSE
TRESCON,BSE
TRF,NSE
TRICOMFRU,BSE
TRIDENT,NSE
TRIGYN,NSE
TRILIANCE,BSE
TRINITYLEA,BSE
TRIOMERC,BSE
TRISHAKT,BSE
TRITONV,BSE
TRITURBINE,NSE
TRIUMPIN,BSE
TRIVENI,NSE
TRIVENIENT,BSE
TRIVENIGQ,BSE
TRL,BSE
TRU,NSE
TRUALT,NSE
TRUECOLORS,BSE
TRUEGREEN,BSE
TRUSTEDGE,BSE
TSFINV,NSE
TSPIRITUAL,BSE
TTFL,BSE
TTGIL,BSE
TTIENT,BSE
TTKHLTCARE,NSE
TTKPRESTIG,NSE
TTL,NSE
TTML,NSE
TULSYAN,BSE
TUNITEX,BSE
TURTLEMINT,NSE
TUSALDAH,BSE
TUTIALKA,BSE
TVSELECT,NSE
TVSHLTD,NSE
TVSMNCRPS,BSE
TVSMOTOR,NSE
TVSSCS,NSE
TVSSRICHAK,NSE
TVTODAY,NSE
TVVISION,NSE
TYCHE,BSE
TYROON,BSE
UBL,NSE
UCAL,NSE
UCIL,BSE
UCOBANK,NSE
UDAYJEW,BSE
UDS,NSE
UEL,NSE
UFBL,NSE
UFLEX,NSE
UFO,NSE
UGARSUGAR,NSE
UGROCAP,NSE
UHMVL,BSE
UHZAVERI,BSE
UJJIVANSFB,NSE
ULTRACAB,BSE
ULTRACEMCO,NSE
ULTRAMAR,NSE
UMAEXPORTS,BSE
UMESLTD,NSE
UMIYA,BSE
UMIYA-MRO,NSE
UML,BSE
UNIABEXAL,BSE
UNIAUTO,BSE
UNICHEMLAB,NSE
UNIDT,BSE
UNIECOM,NSE
UNIENTER,NSE
UNIFIED,BSE
UNIMECH,NSE
UNIONBANK,NSE
UNIPARTS,NSE
UNIQUEO,BSE
UNIROYAL,BSE
UNISEM,BSE
UNISHIRE,BSE
UNISON,BSE
UNITDSPR,NSE
UNITECH,NSE
UNITEDPOLY,BSE
UNITEDTE,BSE
UNITEDTEA,NSE
UNITINT,BSE
UNIVARTS,BSE
UNIVASTU,NSE
UNIVCABLES,NSE
UNIVPHOTO,BSE
UNIVSTAR,BSE
UNJHAFOR,BSE
UNOMINDA,NSE
UNRYLMA,BSE
UPHOT,BSE
UPL,NSE
UPROTECH,BSE
UPSURGE,BSE
URAVIDEF,NSE
URBANCO,NSE
URJA,NSE
URSUGAR,BSE
USGTECH,BSE
USHAKIRA,BSE
USHAMART,NSE
USK,NSE
UTIAMC,NSE
UTIQUE,BSE
UTKARSHBNK,NSE
UTLINDS,BSE
UTLSOLAR,NSE
UTTAMSUGAR,NSE
UVDRHOR,BSE
UVS,BSE
UYFINCORP,NSE
V2RETAIL,NSE
VAARAD,BSE
VADILALIND,NSE
VADILENT,BSE
VAHH,BSE
VAIBHAVGBL,NSE
VAKRANGEE,NSE
VALENCIA,BSE
VALIANT,BSE
VALIANTORG,BSE
VALINDIA,BSE
VALLABHSQ,BSE
VALPLAST,BSE
VALSONQ,BSE
VAMA,BSE
VAML,NSE
VANDAN,BSE
VANDU,BSE
VANICOM,BSE
VAPIENTER,BSE
VARDHACRLC,NSE
VARDHMAN,BSE
VARDMNPOLY,NSE
VARIMAN,BSE
VARROC,NSE
VASCONEQ,BSE
VASHISHTHA,BSE
VASINFRA,BSE
VASWANI,NSE
VBIND,BSE
VBL,NSE
VCL,NSE
VCU,BSE
VEDANTASSET,BSE
VEDAVAAG,BSE
VEDL,NSE
VEDPOWER,NSE
VEEDOL,NSE
VEEFIN,BSE
VEERENRGY,BSE
VEERHEALTH,BSE
VEERKRUPA,BSE
VEGA,BSE
VEL,BSE
VELHO,BSE
VELJAN,NSE
VENKEYS,NSE
VENLONENT,BSE
VENMAX,BSE
VENTIVE,NSE
VENTURA,BSE
VENUSPIPES,NSE
VENUSREM,BSE
VERANDA,NSE
VERITAS,BSE
VERTEX,BSE
VESUVIUS,NSE
VETO,BSE
VGCL,BSE
VGIL,BSE
VGL,NSE
VGUARD,NSE
VHL,NSE
VHLTD,BSE
VICTMILL,BSE
VIDHIING,NSE
VIDYAWIRES,NSE
VIJAYA,NSE
VIJAYTX,BSE
VIJIFIN,BSE
VIJSOLX,BSE
VIKALPS,BSE
VIKASECO,NSE
VIKASLIFE,NSE
VIKASPROP,BSE
VIKASWSP,BSE
VIKRAMAR,BSE
VIKRAMSOLR,BSE
VIKRAMTH,BSE
VIKRAN,NSE
VIMTALABS,NSE
VINATIORGA,NSE
VINAYAKPOL,BSE
VINCOFE,NSE
VINDHYATEL,NSE
VINEETLAB,BSE
VINNY,NSE
VINRKLB,BSE
VINTAGES,BSE
VINYLINDIA,NSE
VINYOFL,BSE
VIPCLOTHNG,BSE
VIPIND,NSE
VIPPYSP,BSE
VIPULLTD,NSE
VIPULORG,BSE
VIRAT,BSE
VIRATCRA,BSE
VIRGOGLOB,BSE
VIRINCHI,NSE
VIRTUALG,BSE
VISACHROME,BSE
VISAGAR,BSE
VISAKAIND,NSE
VISHAL,BSE
VISHALBL,BSE
VISHNU,NSE
VISHWARAJ,NSE
VISIONCINE,BSE
VISIONCO,BSE
VISL,NSE
VISTAPH,BSE
VISTARAMAR,BSE
VISVEN,BSE
VIVAA,BSE
VIVANTA,BSE
VIVANZA,BSE
VIVIDHA,NSE
VIVIDIND,BSE
VIVIDM,BSE
VIVIMEDLAB,BSE
VIVOBIOT,BSE
VIYASH,NSE
VJLAXMIE,BSE
VJTFEDU,BSE
VKAL,BSE
VKGLOBAL,BSE
VLEGOV,BSE
VLL,BSE
VLSFINANCE,NSE
VMART,NSE
VMM,NSE
VMS,BSE
VMSTMT,BSE
VOEPL,NSE
VOGL,NSE
VOITHPAPR,BSE
VOLKAI,BSE
VOLLF,BSE
VOLTAMP,NSE
VOLTAS,NSE
VPAL,BSE
VPRPL,BSE
VRAJ,NSE
VRFILMS,BSE
VRL,BSE
VRLLOG,NSE
VRUDDHI,BSE
VSFPROJ,BSE
VSL,BSE
VSSL,NSE
VSTIND,NSE
VSTL,NSE
VSTTILLERS,NSE
VTL,NSE
VTMLTD,BSE
VVIPIL,BSE
VXLINSTR,BSE
WAA,BSE
WAAREE,BSE
WAAREEENER,NSE
WAAREEINDO,NSE
WAAREERTL,NSE
WABAG,NSE
WAGEND,BSE
WAKEFIT,NSE
WALCHANNAG,NSE
WALCHPF,BSE
WALLFORT,BSE
WANBURY,NSE
WARDINMOBI,BSE
WARDWIZFBL,BSE
WARRENTEA,BSE
WATERBASE,BSE
WCIL,NSE
WEALTH,NSE
WEBELSOLAR,NSE
WEIZMANIND,NSE
WEL,NSE
WELCORP,NSE
WELCURE,BSE
WELENT,NSE
WELSPLSOL,NSE
WELSPUNLIV,NSE
WENDT,NSE
WEPSOLN,BSE
WESTLEIRES,BSE
WESTLIFE,NSE
WEWORK,NSE
WHBRADY,BSE
WHEELS,NSE
WHIRLPOOL,NSE
WHITEORG,BSE
WILLAMAGOR,NSE
WILLIMFI,BSE
WINDLAS,NSE
WINDMACHIN,NSE
WINSOMBR,BSE
WINSOME,BSE
WINSOMTX,BSE
WIPL,NSE
WIPRO,NSE
WIREFABR,BSE
WOCKPHARMA,NSE
WOMENNET,BSE
WONDERLA,NSE
WORKMATES,BSE
WORTH,BSE
WORTHPERI,NSE
WPIL,NSE
WSFX,BSE
WSI,NSE
WSTCSTPAPR,NSE
WWALUM,BSE
XCHANGING,NSE
XELPMOC,NSE
XPROINDIA,NSE
XTGLOBAL,NSE
YAANENT,BSE
YAASHVI,BSE
YAJUR,BSE
YAMNINV,BSE
YARNSYN,BSE
YASHCHEM,BSE
YASHHTEJ,BSE
YASHHV,BSE
YASHINNO,BSE
YASHMGM,BSE
YASHO,NSE
YASHRAJC,BSE
YATHARTH,NSE
YATRA,NSE
YESBANK,NSE
YOGI,BSE
YOGISUNG,BSE
YORKEXP,BSE
YSL,BSE
YUG,BSE
YUKEN,NSE
YUNIKM,BSE
YUVRAAJHPL,BSE
ZAGGLE,NSE
ZAPPFRESH,BSE
ZBINTXPP,BSE
ZDHJERK,BSE
ZEAL,BSE
ZEEL,NSE
ZEELEARN,BSE
ZEEMEDIA,NSE
ZELIO,BSE
ZENIFIB,BSE
ZENITHEXPO,NSE
ZENITHHE,BSE
ZENITHSTL,NSE
ZENLABS,BSE
ZENOTECH,BSE
ZENSARTECH,NSE
ZENTEC,NSE
ZFCVINDIA,NSE
ZFSTEERING,NSE
ZIMLAB,BSE
ZMILGFIN,BSE
ZODIAC,BSE
ZODIACLOTH,NSE
ZODIACVEN,BSE
ZODJRDMKJ,BSE
ZOTA,NSE
ZR2,BSE
ZSARACOM,NSE
ZSVARAJT,BSE
ZUARI,NSE
ZUARIIND,NSE
ZWELCAST,BSE
ZYDUSLIFE,NSE
ZYDUSWELL,NSE
